rowMeans.combined_temp..na.rm...TRUE.,Year
19.736123445945942,2006
20.64472783783783,2006
24.93464344594595,2006
21.21723135135136,2006
22.259897837837837,2006
25.98597574324324,2006
26.494113918918917,2006
24.39508986486486,2006
21.963353108108112,2006
21.339372162162164,2006
22.464358310810816,2006
21.580758851351348,2006
20.708511824324333,2006
24.816792567567568,2006
22.734934189189197,2006
17.062037500000002,2006
14.637931689189193,2006
15.970237162162162,2006
17.84428364864865,2006
16.982603040540532,2006
16.809459121621625,2006
18.92969364864866,2006
19.0368647972973,2006
22.362551756756755,2006
24.54348878378379,2006
19.153763040540547,2006
17.880945405405406,2006
18.124676283783774,2006
18.164351891891897,2006
19.059135945945943,2006
23.088562432432436,2006
20.727682094594595,2006
20.99283662162163,2006
22.486514256756756,2006
24.080172094594595,2006
25.74040283783784,2006
23.300692027027036,2006
23.6476816891892,2006
26.404746351351346,2006
28.559310608108103,2006
23.847013445945947,2006
23.47503864864865,2006
23.302470202702704,2006
24.74892290540541,2006
25.120520945945948,2006
24.546953716216215,2006
24.351164054054053,2006
18.3116747972973,2006
17.482692094594587,2006
17.9974302027027,2006
17.427429594594596,2006
17.54341797297297,2006
17.530992972972967,2006
19.977774121621625,2006
23.196257837837837,2006
24.35977851351352,2006
25.211744054054055,2006
28.221978040540534,2006
26.792597837837832,2006
26.67471405405405,2006
23.241831486486475,2006
24.754623108108113,2006
25.57053601351351,2006
21.625983581081083,2006
25.942730270270268,2006
24.684861148648643,2006
24.388495135135145,2006
18.337633716216217,2006
19.295656891891884,2006
17.27740002027027,2006
7.509884601351351,2006
12.78801808108108,2006
16.45292932432432,2006
21.68488716216216,2006
22.09801371621621,2006
23.295006824324336,2006
24.655602499999997,2006
18.497050810810812,2006
11.772701263513516,2006
16.07123520945946,2006
17.44530236486486,2006
19.078439121621617,2006
25.453813648648648,2006
26.885143445945957,2006
28.88029391891891,2006
27.0209612837838,2006
25.63628689189189,2006
24.478917500000005,2006
23.303156891891884,2006
22.142820675675672,2006
24.391660405405418,2006
23.756739121621617,2006
26.71286635135135,2006
29.74214337837839,2006
28.01438047297296,2006
22.19669804054054,2006
20.727771621621613,2006
26.068623243243245,2006
29.83732121621623,2006
30.32595716216218,2006
25.44076391891891,2006
26.647268175675674,2006
32.299074594594586,2006
34.34189689189189,2006
32.13690756756755,2006
25.338052500000003,2006
28.674805540540536,2006
27.71679006756756,2006
27.684643783783773,2006
29.525195337837836,2006
31.09961601351351,2006
32.732159459459474,2006
32.23939108108108,2006
25.242369459459457,2006
25.957611756756748,2006
29.28067351351352,2006
31.82227972972971,2006
23.882705743243235,2006
23.84380756756757,2006
29.652757499999996,2006
34.327294121621605,2006
36.167289864864856,2006
35.587774932432445,2006
33.870666148648645,2006
32.61752155405406,2006
29.67072675675674,2006
31.659936959459476,2006
33.19429905405404,2006
34.23974736486487,2006
34.15585101351351,2006
35.98485608108107,2006
36.90902695945946,2006
37.31972993243246,2006
37.75830979729728,2006
38.781011689189185,2006
37.54296864864866,2006
38.18671344594596,2006
39.03795547297296,2006
38.93137533783785,2006
38.889934864864856,2006
38.75671682432433,2006
39.2396,2006
28.82923168918918,2006
32.63619418918919,2006
38.09173783783786,2006
38.24757310810812,2006
37.028814662162155,2006
34.1488258108108,2006
30.517514256756773,2006
33.01115256756757,2006
35.20826560810811,2006
38.097159864864864,2006
40.719293581081075,2006
42.0875722972973,2006
42.520005878378385,2006
43.47115358108108,2006
41.67220121621622,2006
39.89769054054053,2006
39.53115567567567,2006
39.25284256756756,2006
39.61197236486489,2006
38.76878222972973,2006
39.924523783783776,2006
39.93244466216216,2006
42.06240128378379,2006
39.706719189189194,2006
37.22193777027028,2006
38.13485432432431,2006
40.120293243243275,2006
41.6560916891892,2006
41.66300527027027,2006
40.856919999999995,2006
40.61821878378379,2006
40.99920101351353,2006
41.95560405405405,2006
41.01833195945947,2006
42.82514243243243,2006
40.68270993243243,2006
39.66043331081081,2006
39.840477837837824,2006
40.54446425675675,2006
41.201109256756766,2006
42.16459168918921,2006
39.4130666216216,2006
40.15625479729731,2006
40.209192297297285,2006
34.81970358108108,2006
38.29581560810811,2006
36.91874614864864,2006
38.95921006756755,2006
42.092808243243255,2006
41.16109709459459,2006
42.31279824324325,2006
42.339776148648646,2006
43.82168283783783,2006
44.82839033783781,2006
43.6446191891892,2006
41.36722135135137,2006
40.05768770270272,2006
43.49101445945948,2006
42.41681168918919,2006
42.13390648648649,2006
46.31471783783784,2006
44.606948445945946,2006
43.78544736486485,2006
43.956062297297315,2006
41.3384745945946,2006
36.42963189189191,2006
33.88634027027026,2006
34.64696560810809,2006
34.54833067567567,2006
33.195483175675676,2006
35.8472906081081,2006
36.7163370945946,2006
37.327540202702714,2006
37.62817182432434,2006
35.380149594594585,2006
38.28976385135137,2006
40.50901020270269,2006
40.50882864864865,2006
40.454411891891894,2006
38.39131466216217,2006
39.511903513513495,2006
37.98239567567566,2006
36.63892810810812,2006
38.20387729729728,2006
38.558615405405405,2006
35.50614378378375,2006
36.6754766891892,2006
37.806006283783816,2006
39.60480331081082,2006
40.66784000000002,2006
39.86577479729733,2006
41.088485810810795,2006
36.020971756756765,2006
38.820443175675706,2006
33.07100033783783,2006
35.852811554054036,2006
38.16061270270271,2006
39.51782682432431,2006
40.88650864864865,2006
39.5993239864865,2006
38.7198254054054,2006
38.714474594594584,2006
40.60392175675677,2006
37.8069066891892,2006
34.160445743243265,2006
34.712070540540516,2006
35.67910675675676,2006
35.86898635135136,2006
30.454997567567563,2006
32.482068310810824,2006
31.367857364864857,2006
34.63799993243243,2006
36.51836682432433,2006
35.78101324324322,2006
34.29644067567567,2006
35.86885824324327,2006
32.74252074324325,2006
31.44373527027028,2006
32.2653320945946,2006
33.10894486486487,2006
34.90869439189188,2006
33.3637968918919,2006
30.850973581081085,2006
31.52919189189189,2006
30.32482918918921,2006
33.78673182432433,2006
36.10395486486485,2006
37.44550959459461,2006
37.25458594594594,2006
37.669161554054085,2006
36.80383385135136,2006
37.03749054054053,2006
36.665821013513515,2006
35.97628628378378,2006
35.6583481081081,2006
36.88665655405405,2006
35.80451000000002,2006
33.51393493243244,2006
30.08898837837836,2006
30.550879662162163,2006
27.99544277027027,2006
28.7398066891892,2006
30.50838567567568,2006
32.2871295945946,2006
32.40733250000001,2006
24.83050486486487,2006
24.510279324324337,2006
26.963945675675667,2006
25.16481493243243,2006
24.981567567567566,2006
26.13519317567567,2006
28.121353783783785,2006
29.42990736486485,2006
30.62770202702703,2006
30.96598175675676,2006
26.777858445945945,2006
26.879058581081075,2006
24.363795135135135,2006
27.090697702702712,2006
30.46285574324323,2006
26.51925831081081,2006
26.7133279054054,2006
26.52292256756757,2006
26.53768749999999,2006
27.959085540540546,2006
29.076139527027028,2006
28.16283182432432,2006
28.314190270270274,2006
29.92072810810813,2006
31.093912567567564,2006
30.487194662162167,2006
28.419559999999997,2006
27.519202297297294,2006
26.64438094594595,2006
24.217726216216228,2006
23.04113662162162,2006
23.51488344594594,2006
26.27858060810811,2006
26.595993175675687,2006
27.650856486486493,2006
27.71505398648649,2006
30.44967939189188,2006
29.653450202702707,2006
28.918461824324325,2006
27.051595202702707,2006
25.41795608108108,2006
24.07845047297297,2006
22.537514932432423,2006
21.31056114864864,2006
18.96843391891893,2006
17.140063378378375,2006
12.261344304054058,2006
12.137298283783784,2006
17.705778986486482,2006
19.41555608108108,2006
19.037608378378373,2006
21.353515945945936,2006
21.939637094594605,2006
22.35911641891892,2006
25.327062229729737,2006
22.06779229729729,2006
21.902690202702715,2006
19.19158182432432,2006
17.892985472972974,2006
18.47319283783783,2006
19.965358581081077,2006
20.884006216216218,2006
21.96389986486487,2006
21.83376966216216,2006
15.239979554054049,2006
14.334190750000008,2006
12.487229581081076,2006
11.577810013513508,2006
12.834479121621625,2006
10.07143193243243,2006
13.874891756756751,2006
16.709695675675672,2006
19.05448810810811,2006
20.6203041891892,2006
17.061001824324322,2006
10.359098277027028,2006
12.845842,2006
14.577890202702704,2006
15.82210090165793,2007
16.3303856176503,2007
21.41399363167306,2007
19.379964363137923,2007
19.836200316658996,2007
15.677620708608174,2007
16.015213755223474,2007
18.29682475362433,2007
23.39857792588924,2007
24.851449257689787,2007
20.398443576497495,2007
22.15227049099848,2007
12.540875807974,2007
8.985681598712503,2007
7.282451389408177,2007
12.47675254514862,2007
14.12345887067642,2007
15.881038998283426,2007
19.372679088219392,2007
11.090235564549248,2007
10.978510744165789,2007
8.075946622280126,2007
12.822320103337132,2007
15.819544828479724,2007
19.365950984363636,2007
20.57722772967522,2007
17.409154994306448,2007
19.24379853617384,2007
20.656721853730406,2007
21.892214708169178,2007
14.847112820370144,2007
13.014383463473644,2007
14.32760329741636,2007
15.709791654044478,2007
18.239689441564355,2007
22.667927393361673,2007
26.585377223616888,2007
26.878536041385964,2007
25.609430608630927,2007
25.474643790833937,2007
25.524268932259723,2007
24.70687658638269,2007
22.257029693482824,2007
20.837789542267693,2007
18.056044789006307,2007
16.529809291790844,2007
18.11477597394003,2007
21.891947693084624,2007
27.259653417782285,2007
24.167410271129977,2007
16.53670380472904,2007
16.66377629171922,2007
20.32040476878801,2007
24.550545906094687,2007
15.575435009199644,2007
16.442465157821804,2007
18.86070044801069,2007
20.898557974432343,2007
22.338740760156,2007
14.78990405350791,2007
16.258509265480946,2007
18.18406446244967,2007
18.27922235256841,2007
22.573267814452244,2007
23.345214895835166,2007
26.169656472248665,2007
29.19014077299397,2007
29.165928538875143,2007
29.088880094346568,2007
29.37743914464114,2007
29.92345605045938,2007
30.397649164270703,2007
31.616095779677657,2007
31.59052578034172,2007
32.80793724419175,2007
36.19519241301551,2007
36.11974021304384,2007
32.52384316704695,2007
30.30159586819674,2007
29.2869626491699,2007
26.50965889191558,2007
23.60966671341792,2007
19.33435843584635,2007
20.938420599532662,2007
26.44442888769079,2007
27.561752064829054,2007
24.65165411268207,2007
17.87992983446502,2007
20.43007103564894,2007
22.677048254104147,2007
27.331346594642117,2007
30.319026919188225,2007
31.61471056550283,2007
31.926380462225183,2007
32.6366920401967,2007
32.71167335595326,2007
33.033568558152965,2007
30.63757548263225,2007
29.325537436548952,2007
27.698865317369332,2007
28.153112912319408,2007
29.00996534559906,2007
24.66349640616985,2007
23.89515803598364,2007
27.75938197024071,2007
24.521504286559576,2007
20.561737485490045,2007
26.28544923638124,2007
29.147967053645836,2007
25.89153527554811,2007
24.34615368598587,2007
19.813439463773403,2007
25.66768585309779,2007
22.935805127689207,2007
28.404431594437476,2007
30.6009623297194,2007
31.795327143117532,2007
34.80766326665867,2007
37.6439496514621,2007
33.66434562008505,2007
34.80857469292882,2007
31.58702669329555,2007
32.56271192368075,2007
29.937152248095835,2007
28.05260472504402,2007
25.102583843732393,2007
26.142316262176305,2007
32.10112924874718,2007
34.02142993269452,2007
35.31127971226708,2007
37.80149953029597,2007
38.7252636260461,2007
39.17260480667103,2007
38.15453611102224,2007
36.82425415827896,2007
37.36119295562149,2007
36.41969691460933,2007
36.70868360160905,2007
37.04085048173756,2007
36.7088199345255,2007
36.39320549559739,2007
33.70177321157543,2007
31.772565612193024,2007
31.02562910955872,2007
34.493761023548515,2007
36.1603133813332,2007
35.94665929657906,2007
36.57812916444576,2007
36.32456414988915,2007
35.969645307079666,2007
36.46299041887739,2007
36.91247284215022,2007
38.485017476865686,2007
37.08600075093979,2007
38.166801150401255,2007
40.548275931402486,2007
40.15023673286802,2007
31.24849571841755,2007
30.692622253796284,2007
35.243994709252995,2007
36.9867019031074,2007
37.278671569534914,2007
33.8638573073564,2007
35.619310719431596,2007
39.20833428048518,2007
41.902546139322986,2007
41.87117062631989,2007
41.08155661697749,2007
40.20877590081647,2007
40.42705496882625,2007
40.23612610599255,2007
41.9395768542307,2007
41.989097402858235,2007
42.62119706794244,2007
41.341904125031,2007
40.881177001786654,2007
41.07873460966579,2007
42.81770406375256,2007
42.18552221528569,2007
42.15519781514342,2007
42.1287554477548,2007
42.644934654336566,2007
43.66133744317633,2007
42.96448072171212,2007
43.45512206796072,2007
45.181647547396345,2007
44.38750593826219,2007
43.49704312252449,2007
42.866692120583465,2007
40.53000328061861,2007
40.14132472673922,2007
38.50414843163211,2007
40.87696756831679,2007
42.4468306128392,2007
40.77534515681592,2007
40.43740964345409,2007
41.62173927335891,2007
43.56091793481703,2007
42.97644578825265,2007
43.819981983577165,2007
42.052269132706414,2007
38.21342615437923,2007
37.0823962909964,2007
36.84812564389731,2007
38.339697295675016,2007
34.32125459556091,2007
34.81810543281743,2007
35.301425949726216,2007
36.323805466710915,2007
36.57496740729129,2007
36.486116584318445,2007
38.57619076471328,2007
36.226896732327795,2007
35.01727190161831,2007
37.432206524889715,2007
39.38391266905165,2007
38.69950408851205,2007
33.34770582515819,2007
31.361343823832392,2007
36.7785555596302,2007
38.912775437137654,2007
40.02496734139264,2007
39.36149775588781,2007
40.96217284269424,2007
43.495476936526714,2007
42.94253906232209,2007
40.23523344120304,2007
40.3151215386325,2007
42.24606502613882,2007
41.19976147621067,2007
42.05410821946207,2007
39.828356153897055,2007
39.80588986969122,2007
41.40737201909032,2007
40.87338111944782,2007
40.8158771097479,2007
41.21763234743296,2007
34.01116197817127,2007
37.95458259747395,2007
40.643366140444506,2007
42.1339184408663,2007
43.35345945417596,2007
42.05462469200892,2007
41.98551312683311,2007
41.67156675841353,2007
41.1642902978075,2007
41.094505120936255,2007
39.960552156618675,2007
37.95103124941233,2007
35.882406109818454,2007
37.363472243121144,2007
39.33115906430246,2007
39.7143101782557,2007
39.81346700295616,2007
39.95109123108991,2007
40.30376433828343,2007
40.671909137892115,2007
40.08649409488855,2007
38.68552278114714,2007
36.93268712215489,2007
34.122514979196154,2007
34.35798580206588,2007
35.384080015517895,2007
34.72677420937309,2007
36.27917201459037,2007
33.674796851871456,2007
29.26448033760651,2007
30.417014943267255,2007
32.82317167467252,2007
34.42124952340343,2007
35.28203049537823,2007
34.625221226139686,2007
32.05473129505278,2007
34.64089856030839,2007
31.375007299301245,2007
32.847421479437884,2007
34.66207305896603,2007
34.195068137642195,2007
32.95021467280989,2007
24.070053294071187,2007
27.949238948881963,2007
34.08023210416384,2007
33.9663198243786,2007
33.66070688994176,2007
33.87122653026864,2007
32.79457550803497,2007
26.430195089399525,2007
28.54395799434091,2007
30.31829002426661,2007
28.632764983616095,2007
26.21509455084815,2007
28.448733374562963,2007
32.33111911794903,2007
33.10308870703506,2007
25.285784640820616,2007
26.065504919574497,2007
30.926735692375345,2007
33.83592903575135,2007
33.31827237761545,2007
32.69314001930648,2007
33.35061312367565,2007
34.575412017516065,2007
33.33906287630664,2007
30.56224203556992,2007
28.555677698623537,2007
29.085761758732705,2007
28.853214845736368,2007
31.400343598545227,2007
32.84015871224582,2007
32.64301516852484,2007
33.33362158096787,2007
32.3704599784038,2007
31.28965161244006,2007
28.440328860618223,2007
27.05174108982475,2007
25.3089105003852,2007
27.17836068121792,2007
29.148874647767755,2007
29.538838483987018,2007
26.188076899421436,2007
26.977351979488663,2007
27.58917861945869,2007
28.51529069339933,2007
29.786168881238304,2007
28.237662190612355,2007
25.334648145684113,2007
24.420368593848252,2007
19.20426412054852,2007
20.334827783257342,2007
18.37564701511382,2007
18.150334169080523,2007
22.227147505893925,2007
23.18272756239852,2007
21.572761249454857,2007
19.1230662404855,2007
18.372530177251935,2007
16.926199493263816,2007
22.448872220326493,2007
22.98918031498891,2007
22.804569095684528,2007
22.07959439481546,2007
19.374197592371527,2007
13.509393323832692,2007
13.711027948848145,2007
12.587368420531584,2007
12.111191444608842,2007
14.520204012883443,2007
15.993949718098545,2007
13.405198540241008,2007
13.927017198516136,2007
16.722011979208578,2007
17.36044577518077,2007
18.37040455727853,2007
16.819622809054636,2007
17.62471781242244,2007
14.978411181057764,2007
12.992875247527977,2007
15.491946015528052,2007
18.57910158406238,2007
13.81066426218881,2007
12.770575631058664,2007
11.398213053891268,2007
11.563031064148609,2007
12.53909548870108,2007
15.52379258210741,2007
17.32968697629597,2008
19.36704857413131,2008
20.62842700660782,2008
20.700159976863343,2008
21.86244166177579,2008
18.565322279550777,2008
15.529401532443124,2008
14.24992081767333,2008
15.947528862689412,2008
16.094233264677502,2008
16.748861164967554,2008
17.506698424977042,2008
18.234202057702035,2008
18.71787674692183,2008
19.459716244975574,2008
17.675990187710447,2008
15.24253249301078,2008
12.915719093780533,2008
14.17658976472369,2008
16.46127334686306,2008
17.389393083452294,2008
16.07369768690206,2008
17.461968781415596,2008
17.216870181689593,2008
14.003493040792453,2008
17.42681488936879,2008
20.220486559044545,2008
14.485215141623536,2008
16.791207726468915,2008
14.449852435212527,2008
13.716308305309038,2008
12.838717792784866,2008
15.709593160379018,2008
17.176511056643776,2008
15.549183182677798,2008
10.31813009329153,2008
12.530428501347268,2008
13.874167523224406,2008
17.075242966897715,2008
19.298651980772924,2008
23.03007291138321,2008
24.17840860273756,2008
23.037161610997323,2008
23.59462057550367,2008
22.54942278691639,2008
17.51793271687546,2008
11.357435395682591,2008
14.20458275842885,2008
18.02232933467498,2008
19.426127207822077,2008
20.910977112698383,2008
19.544598501753796,2008
16.66770543887812,2008
14.743129343251804,2008
18.183936608251553,2008
20.815636652552847,2008
21.97979413799933,2008
24.61464998030294,2008
26.023792020079732,2008
26.59264011301028,2008
27.416982758267377,2008
26.14066407321586,2008
21.24474287990927,2008
19.14668966680241,2008
21.481270398503973,2008
21.84186604953762,2008
18.963909949582888,2008
21.974119030129227,2008
22.38082602819579,2008
24.30261490576032,2008
25.602664712715285,2008
26.646829923970422,2008
27.94979556392406,2008
27.86785365408992,2008
27.073617967557755,2008
22.713774591973205,2008
14.337509639346829,2008
16.852664177607277,2008
22.539352862982643,2008
25.740459070510955,2008
27.696272941177405,2008
28.22084250680029,2008
29.076080295495387,2008
29.165369971865115,2008
29.472838565454804,2008
30.18039083049837,2008
29.385566647216468,2008
28.61131665368849,2008
29.20051283503544,2008
28.64229693318764,2008
26.340539124944133,2008
23.887046251870274,2008
27.213956482455735,2008
27.738721842531007,2008
25.27787515148145,2008
27.214809299157917,2008
27.590838544918007,2008
28.383652732693715,2008
27.08100291572607,2008
28.089901724688875,2008
22.27272741725637,2008
24.252595728640188,2008
26.954907059863455,2008
28.853921387500755,2008
33.257401066832095,2008
35.18829561145048,2008
32.400761048087695,2008
27.40713874921909,2008
24.032272593383716,2008
30.141070016056585,2008
30.272678946456143,2008
27.52634801723664,2008
27.6247108234793,2008
30.61668719439507,2008
30.31584155225955,2008
29.072816699629072,2008
30.114591580986684,2008
33.420859216677094,2008
32.50579835384804,2008
33.581802306834035,2008
35.690809297763714,2008
32.12866019290517,2008
28.091754475588058,2008
28.289768209959412,2008
31.00646481393402,2008
33.48771301001901,2008
32.39347423769093,2008
27.64318863857157,2008
29.611147165253257,2008
31.506225238240336,2008
33.09491313230123,2008
33.0864561695769,2008
34.91198986995163,2008
32.74419700329838,2008
23.65390713876996,2008
29.11643552408176,2008
31.91919866065286,2008
32.48434575997807,2008
35.59085431756519,2008
39.26835127300936,2008
42.13016153855685,2008
40.67115193117545,2008
32.974314837646034,2008
23.527104625718415,2008
19.40277293248541,2008
21.393751483219297,2008
25.980281267954933,2008
26.351861673958357,2008
30.924748210571224,2008
31.835812199504954,2008
33.08513858765955,2008
34.04844025544454,2008
35.85378676122431,2008
37.57143046419444,2008
37.067250869581606,2008
36.027054097973156,2008
34.20629305060709,2008
31.73004334537245,2008
35.29135798675733,2008
37.518304604655505,2008
36.70543976989374,2008
39.17477573212406,2008
40.3621027365143,2008
36.94254859338865,2008
37.154720778119554,2008
39.70442444046005,2008
41.59980266624669,2008
42.65656754276711,2008
42.94919563256868,2008
43.09231313550371,2008
42.492067435061266,2008
43.02080597912989,2008
44.31608190953628,2008
44.527211715815405,2008
42.19100562314951,2008
42.78193484968224,2008
41.92390515426043,2008
40.67742775062787,2008
40.15292761622051,2008
40.37868953327807,2008
41.95139945088368,2008
43.127580914581735,2008
41.35675320441389,2008
43.1143183397987,2008
42.81545898313686,2008
41.34248891786863,2008
40.36772761709571,2008
39.58965395455573,2008
41.0135736213104,2008
40.30322081950794,2008
41.29221958119442,2008
39.64179012874236,2008
37.260349188125154,2008
33.005464996430895,2008
36.46917272114734,2008
36.80073988972911,2008
34.53895867423648,2008
38.83725853460634,2008
40.86417350914681,2008
41.42195313388761,2008
42.164534212922504,2008
37.50815866527294,2008
34.54323547841033,2008
38.60420888830851,2008
39.9437647539615,2008
39.72192155769101,2008
41.63294401765473,2008
39.811566365324275,2008
39.147618776429866,2008
38.08201941446216,2008
38.90861805367092,2008
40.05245644681934,2008
41.10913056528879,2008
43.16776867980745,2008
43.925803547667606,2008
41.17286895846467,2008
38.4762038496667,2008
37.60695804201152,2008
40.4057848228683,2008
40.18001149692669,2008
40.999588561082966,2008
36.68014776152936,2008
37.984793416486575,2008
39.490807078216605,2008
41.07410185628217,2008
40.865692907358614,2008
39.10728851391957,2008
37.77501844046009,2008
38.33283022735422,2008
38.90166945927356,2008
39.04582388574552,2008
39.28021176155486,2008
39.56353935547506,2008
40.18149955676169,2008
40.402927022280345,2008
40.21763838945769,2008
40.80765089632186,2008
40.582339403502544,2008
38.24453897964651,2008
32.39928227510496,2008
35.23087943771429,2008
36.884909594141185,2008
37.719461779375685,2008
35.87303794080052,2008
33.30443263611585,2008
34.7985563181511,2008
37.98683831850427,2008
38.23236958210994,2008
39.28471215981702,2008
40.25437985584545,2008
41.12811014845592,2008
40.35279266371999,2008
37.926252686484915,2008
36.99417336287269,2008
35.54192446670415,2008
34.62002196539924,2008
34.0189678189104,2008
36.08683820871506,2008
38.26605123426294,2008
36.45013539153991,2008
34.87272015715593,2008
35.22166764854628,2008
36.44727954532356,2008
37.44937685981419,2008
37.10517259609729,2008
37.092540444053114,2008
37.08295717505725,2008
37.464179806417384,2008
39.71019193653392,2008
38.01762289515942,2008
37.206354914705,2008
37.13827751604523,2008
37.43054035514376,2008
36.87357787098497,2008
36.64309663908713,2008
37.15708107462242,2008
36.6443456013694,2008
33.05526593151362,2008
28.60432882514809,2008
28.04768486340812,2008
31.13170812189091,2008
34.41774063129621,2008
35.763355913793745,2008
35.065452554153296,2008
33.17480893635899,2008
23.42549263049226,2008
21.496029011246364,2008
24.462490453989584,2008
28.19298308639802,2008
31.619986551789076,2008
33.15861396243129,2008
34.41610848091334,2008
34.68685619394473,2008
34.76496454766538,2008
33.91893634125484,2008
32.466027070202536,2008
30.03154537016617,2008
29.387748159350117,2008
30.024744179607787,2008
30.991871375984537,2008
32.2520235873264,2008
33.306226919809085,2008
33.205035734270496,2008
33.41248031841347,2008
33.232664588113835,2008
32.91324200459747,2008
33.47747573918375,2008
30.03374090299932,2008
29.20022410495347,2008
24.42667472368228,2008
23.09307713279336,2008
22.42196044040275,2008
25.05861374416159,2008
26.608408801893887,2008
24.25154384521016,2008
19.25592396957813,2008
21.71604348585355,2008
23.470025358686723,2008
25.04423454875816,2008
28.34309796804367,2008
27.04163824615444,2008
27.775144668069437,2008
29.836423019423556,2008
30.359451354718768,2008
29.14514969999194,2008
27.81477053523256,2008
24.951132519517987,2008
25.62350234505509,2008
25.656189829097855,2008
27.071312841078175,2008
23.67622012148605,2008
19.82200943305144,2008
18.130852410009936,2008
18.324870895147715,2008
19.90456267069345,2008
21.98674113170695,2008
24.50297874160148,2008
23.51359229176901,2008
22.95945246345677,2008
20.047063482221255,2008
22.99313539836663,2008
22.15127060315076,2008
17.139107875872323,2008
17.790572652531598,2008
18.6398742603755,2008
18.161511419102805,2008
22.91456784309644,2008
19.389142994451653,2008
20.26090603347422,2008
11.745093857472083,2008
12.514857702470794,2008
13.803030136899864,2008
17.93984422224564,2008
13.782679737097872,2008
14.660165898582932,2008
14.76554205501119,2008
16.68220783038282,2008
14.337838402414189,2008
13.10000806112002,2008
15.375614255987191,2008
15.379478188711875,2008
10.748187821964049,2008
9.389692129731806,2008
14.602126919455856,2008
21.508162790239776,2008
21.98649436053597,2008
21.751964774884293,2009
20.40309477661572,2009
19.565727505176987,2009
17.49036354377446,2009
12.781827143625554,2009
13.111448193553777,2009
13.614766243186256,2009
15.702897952097576,2009
18.054001485962,2009
18.51419174437529,2009
18.19406497443102,2009
19.995945769208255,2009
22.098104961758477,2009
22.691443621972795,2009
22.597524596456022,2009
24.61938167787019,2009
25.61280048651016,2009
24.2555290590628,2009
25.409259123830985,2009
25.800438803794567,2009
26.43865235883684,2009
26.497894497623477,2009
21.768846464996972,2009
21.42338417662987,2009
21.449294134672364,2009
20.41415934400123,2009
15.846815867275687,2009
15.596495024326108,2009
17.094080869539056,2009
22.06763048243027,2009
23.882325924003975,2009
23.145263068200972,2009
21.646705965336317,2009
23.504071891304715,2009
26.113342149256184,2009
27.061566079257354,2009
26.49966682032612,2009
20.95839840769505,2009
20.558285753308475,2009
14.120882883948386,2009
14.622528863811134,2009
12.639008447185692,2009
15.250738387103832,2009
16.39389528553189,2009
16.155357719690063,2009
14.875650747105734,2009
17.381898387770786,2009
19.055327827975507,2009
16.5998239709809,2009
18.28067783918483,2009
22.282886002017165,2009
23.56874294194091,2009
23.717174795566383,2009
25.186322430599763,2009
28.093703841807567,2009
27.660393607104854,2009
28.220056952180737,2009
24.682797476268455,2009
24.456534062404103,2009
28.182499525428486,2009
29.246771687881516,2009
30.496493590078977,2009
27.616552565480003,2009
27.190977716075228,2009
21.557751610396497,2009
21.67049033052237,2009
18.94706970207701,2009
21.070625697228316,2009
22.617959241742582,2009
22.270060208948625,2009
25.648320984970606,2009
24.26259076477992,2009
23.060248041179833,2009
24.105093825858177,2009
24.41028382819146,2009
26.51400796417433,2009
29.070935739100705,2009
30.51587269629964,2009
30.31202026682487,2009
30.874332013939256,2009
30.545305260166252,2009
27.066234844625928,2009
20.538189716004275,2009
23.153014582164086,2009
25.270826077974643,2009
26.66079546117326,2009
20.600068959509844,2009
24.33074853106913,2009
26.840565815478328,2009
23.01207073079622,2009
23.94886678324841,2009
25.092589783333153,2009
26.803963486841564,2009
25.895380384100992,2009
21.10918261800956,2009
25.84334001478762,2009
30.75526729228492,2009
31.650818715280895,2009
24.799941705494295,2009
24.227225693315404,2009
26.9802853348667,2009
16.374503564801824,2009
23.93633777179472,2009
28.016762949848044,2009
29.394078306252656,2009
19.20312445443582,2009
19.500240052288778,2009
24.27395840229343,2009
28.65856479377882,2009
33.88924731851523,2009
35.29202017469359,2009
37.0200784525635,2009
35.121702934492525,2009
33.72901893074716,2009
31.162484141582883,2009
27.373842701727337,2009
26.88508944806275,2009
27.941246279853853,2009
30.595009021291357,2009
30.297586951211574,2009
31.907851390938724,2009
32.26838441224131,2009
30.798528938490733,2009
32.73562799370681,2009
32.99116838760053,2009
35.00490968369309,2009
36.71540021909084,2009
38.08165714646578,2009
39.06598576740125,2009
38.556917842012474,2009
37.93947238235763,2009
37.96033574289014,2009
37.09883595119199,2009
36.90104493535667,2009
37.380853553637394,2009
37.411823997898416,2009
38.36375039643139,2009
39.7846150549827,2009
40.45980993657914,2009
39.11192125379885,2009
34.09506474809483,2009
29.57121743229476,2009
25.895074459579504,2009
32.30786056102038,2009
34.945562881436835,2009
34.8086413649595,2009
35.43423044493814,2009
36.6304305261767,2009
37.28755907340112,2009
37.253974371715685,2009
36.65843488584851,2009
36.29859582240221,2009
36.89266145724903,2009
37.46106145172027,2009
39.41660891182012,2009
39.38540414801218,2009
33.60422566236209,2009
31.348355250344184,2009
31.95595633946611,2009
32.294152475405745,2009
33.66107466531086,2009
32.9557179452416,2009
32.52663128245808,2009
34.585270536847645,2009
34.709624784260505,2009
33.73697828594651,2009
34.73295601760219,2009
34.46558418512622,2009
34.51547961136762,2009
35.704818529720214,2009
33.94431106268284,2009
35.79900484347234,2009
37.21320274877,2009
39.21878074647186,2009
39.335274401188826,2009
40.91181840057432,2009
35.85800166551578,2009
39.54810819960151,2009
41.66314285186432,2009
42.3835747344777,2009
41.28715927047078,2009
40.70771256476366,2009
38.38570269664262,2009
38.04846590890371,2009
40.40962564879108,2009
39.627955502910666,2009
41.89050250212805,2009
41.50005814206388,2009
40.51154286140682,2009
40.5830098197712,2009
41.3315886529603,2009
43.31653031948455,2009
43.57411641785779,2009
44.06861952643062,2009
43.81482563222055,2009
43.84946897232737,2009
41.123477560766474,2009
43.12851078558683,2009
44.22638427948522,2009
44.41842363412453,2009
44.52941840574297,2009
42.57119128513181,2009
38.9881008311702,2009
40.60260952796916,2009
39.270278513141704,2009
37.578338499774134,2009
40.65499448535118,2009
42.32159729165702,2009
44.576892312403096,2009
44.37881115760761,2009
41.5148002612767,2009
40.59332753674568,2009
41.543983261505105,2009
42.16358957264547,2009
43.24472017550931,2009
43.66183217982272,2009
43.26358207855892,2009
43.256322946757955,2009
41.67000685857017,2009
37.251478784998405,2009
37.867135391295605,2009
38.96039793437793,2009
39.7464642442459,2009
38.921650955328744,2009
41.58275589478847,2009
34.279553227462536,2009
39.094278681726,2009
40.1095175557399,2009
40.00661688064359,2009
41.26725173547838,2009
41.452195005643645,2009
39.83821671403379,2009
42.098402072844394,2009
40.62104893499911,2009
33.85330318191731,2009
37.83231740221328,2009
38.18047029685147,2009
38.65903752977501,2009
40.88510877444452,2009
43.20986684536514,2009
43.72032076170255,2009
43.101582331324224,2009
42.07600253067383,2009
41.102508581245395,2009
39.39468071390441,2009
39.12124858482573,2009
39.74936942266591,2009
38.168539200933154,2009
30.035442228347925,2009
35.771881498931684,2009
36.75826906175259,2009
37.70730013035676,2009
37.6213756245235,2009
38.93237777575706,2009
39.520770817531215,2009
38.12903251368082,2009
37.35797262122221,2009
37.08442270530008,2009
35.92148449690837,2009
35.12057883307256,2009
36.61070163568965,2009
35.659024677038204,2009
37.28583801763411,2009
37.55488616045212,2009
38.7009052673224,2009
35.623668342375616,2009
33.79594094139686,2009
35.361498249612545,2009
38.27540818413293,2009
39.628483848428864,2009
39.73901713583829,2009
39.40264671826812,2009
37.76089554216439,2009
33.95826340516043,2009
30.94000514500925,2009
31.098617489260633,2009
29.668973359062363,2009
31.090454672410335,2009
25.919283925816643,2009
28.31699392808535,2009
25.788634087348104,2009
26.94210245747123,2009
28.750674431268052,2009
29.69828836646733,2009
29.641197443043836,2009
29.664624547850455,2009
27.04475487247535,2009
29.44429715141447,2009
32.985121522175696,2009
36.37791989688128,2009
37.93111580133425,2009
36.45426442791758,2009
33.29698448889635,2009
26.367875992860196,2009
27.390141374156467,2009
28.457968874807936,2009
29.691653152679606,2009
29.90513823789963,2009
30.715857757558727,2009
27.86935908086772,2009
28.09641679489881,2009
15.64475628554538,2009
17.444354844547487,2009
19.10688165005164,2009
27.809396473648206,2009
29.506968169254293,2009
30.840736696186973,2009
34.009304062872346,2009
32.396047062305186,2009
32.37310210526152,2009
27.395288193248337,2009
28.955452184822526,2009
27.80682554562467,2009
28.567327844860262,2009
31.65813793501056,2009
30.6821584949089,2009
25.554097640134035,2009
21.97194667766031,2009
19.704479998715993,2009
19.21938368862093,2009
22.72574487914803,2009
24.47334612248454,2009
24.074146223526615,2009
23.8699134660761,2009
24.794026041091016,2009
23.73920693934662,2009
23.259892782234683,2009
22.769109070709646,2009
23.318140742930197,2009
25.2656241537461,2009
26.61177782993208,2009
26.010057150476264,2009
20.758014905627466,2009
18.35744567674042,2009
19.61006750837257,2009
19.440546728395255,2009
18.914316582744533,2009
19.386497519656174,2009
15.190309634769957,2009
13.947304482036737,2009
14.713837579755586,2009
14.243732308043397,2009
11.398031974153303,2009
13.184490520429556,2009
13.6188035176141,2009
16.3651725506411,2009
16.866938454964146,2009
16.481505321414677,2009
17.937122374061854,2009
19.796595021274243,2009
21.963203364152157,2009
21.525026827829297,2009
21.29476308877919,2009
22.22774597391387,2009
20.50486801107178,2009
17.694087611792142,2009
17.139062094831434,2009
12.943759576092264,2009
14.245310491829496,2009
13.466396702936894,2009
14.143564447134317,2009
15.30507453294986,2009
15.859763890839776,2009
15.79844266033757,2009
14.98125786502414,2009
17.007775989601026,2010
19.085194247391485,2010
20.539248724714415,2010
21.138626659498243,2010
22.226348766573793,2010
22.05230453602098,2010
19.77319540824379,2010
19.845556323943065,2010
19.986183129587097,2010
20.11331245195206,2010
19.822020445081176,2010
22.103474648246,2010
23.275295093148717,2010
21.21802637472476,2010
21.095784815318655,2010
22.39812311834932,2010
20.2825521713871,2010
19.442402652109095,2010
14.883818672121487,2010
17.938040678357382,2010
16.43658658211555,2010
15.90564142883034,2010
13.882475808490147,2010
12.372423260691708,2010
13.634692104926591,2010
15.599219968471624,2010
18.14322785176184,2010
16.935703323431188,2010
16.04272263306883,2010
17.945878573166976,2010
18.5443780743836,2010
19.27641209371912,2010
18.47541485626788,2010
21.15371170321496,2010
20.074236407562037,2010
18.169420472556368,2010
18.947132566857555,2010
19.195342214897924,2010
15.48737456905078,2010
15.933967921219583,2010
17.545758626461556,2010
14.437589439325318,2010
16.723062166089665,2010
18.609223662124204,2010
21.92739674214061,2010
23.538362769420555,2010
22.96580058466759,2010
23.612063251504413,2010
24.067089959165926,2010
22.946691258538703,2010
22.76851100842118,2010
13.96028404690973,2010
16.35602523481092,2010
14.483902681051664,2010
15.526351958985028,2010
18.173593805869093,2010
20.87351493962793,2010
20.02353787767537,2010
21.03395969815273,2010
14.782620789862886,2010
18.340698166074866,2010
22.08162237232373,2010
21.39203168155465,2010
19.830582779650666,2010
20.076525490809708,2010
23.96754247735706,2010
14.735199779500254,2010
13.840769720197915,2010
14.007782646862932,2010
15.070564055335934,2010
16.398828457904735,2010
19.899236386798556,2010
21.436702134702127,2010
18.63093843517144,2010
23.2064203122258,2010
25.812477628779178,2010
28.296758050664582,2010
27.164515540531536,2010
24.271423545038697,2010
22.05243904915669,2010
24.539537319886996,2010
26.532251558081924,2010
18.55474212566211,2010
22.286204198497806,2010
24.94309067909651,2010
22.785675343625343,2010
22.985509860299626,2010
25.956480916562025,2010
27.672131155379933,2010
29.249873628969056,2010
27.02308903943433,2010
18.48360334310717,2010
20.42295806839048,2010
24.6605929326077,2010
27.256428572417313,2010
26.041906723107545,2010
24.32838707055168,2010
24.047128433131626,2010
28.52869269074743,2010
28.96395525095473,2010
29.83564289623143,2010
30.478889398805645,2010
26.899013691706624,2010
23.05572712397119,2010
26.866416899813167,2010
31.025243822716583,2010
28.85404037311512,2010
31.02182699942592,2010
33.25557234503174,2010
29.486056909887424,2010
30.319588411435884,2010
20.82976517913704,2010
17.692615514149043,2010
21.07821982180399,2010
26.498054169674855,2010
30.692926657486577,2010
32.493999001271696,2010
33.58954512981402,2010
31.345334139085026,2010
21.201810676364044,2010
21.77684861619136,2010
25.87615064973544,2010
25.67772972978552,2010
27.59176293256924,2010
32.17719059883791,2010
34.851572348542376,2010
33.03370032477469,2010
34.04187984232274,2010
34.892828986553255,2010
32.987388349356074,2010
26.769053813203147,2010
24.56642837455827,2010
27.19364658216144,2010
29.431972140718926,2010
31.53872129187045,2010
33.41484092809399,2010
34.90663102160251,2010
34.19079926060939,2010
29.875901089460537,2010
32.678806997994045,2010
35.33760485588485,2010
36.79013725489682,2010
31.67533713404847,2010
25.052780496881276,2010
25.743750410338837,2010
29.93144517897384,2010
33.459289315589125,2010
34.74722644283837,2010
35.25840339205332,2010
33.23853751464108,2010
35.38492321261525,2010
36.224961090261715,2010
35.44946236137614,2010
34.55924174844064,2010
36.838847601833,2010
38.3329428698181,2010
40.57725843520759,2010
41.51772988220793,2010
40.68543856084593,2010
40.060974875094864,2010
39.64587690387714,2010
37.97097660174402,2010
33.90836658844993,2010
29.055300503108455,2010
32.437622834114634,2010
36.34058226889012,2010
38.60985516368935,2010
38.556416700147885,2010
38.880339871863384,2010
39.77906595311879,2010
38.87843108705154,2010
38.55951386704804,2010
38.98507855759983,2010
38.49522730140059,2010
41.419907917325055,2010
43.0541702155707,2010
41.77979805475204,2010
39.48431625946088,2010
40.5499120302244,2010
42.42088999697983,2010
41.65603286145225,2010
42.87760444962196,2010
43.49222345843253,2010
43.728514874462235,2010
38.504180165519216,2010
37.62176311774649,2010
38.76964966747395,2010
39.57532456707486,2010
40.55761570725502,2010
42.242299004684405,2010
42.60354651889715,2010
41.78555330036409,2010
40.69205796293976,2010
40.80462833783469,2010
41.840705527838,2010
42.52556572312184,2010
43.927313409183235,2010
43.25214907903717,2010
42.069661856992944,2010
42.032660538102085,2010
42.2760171312546,2010
41.11873885000354,2010
40.37831219358222,2010
34.78564344691446,2010
34.16978441883877,2010
39.94205274630429,2010
41.21116424774562,2010
39.62064191638202,2010
38.77056645835213,2010
38.373514114220626,2010
37.80044345218478,2010
35.42349165244394,2010
30.13266090746021,2010
30.77286993059333,2010
37.013273986569175,2010
40.23384906011026,2010
41.751596531981285,2010
42.621774871202255,2010
41.20462165164506,2010
35.14456304856076,2010
37.6403496403582,2010
38.738617293806975,2010
40.185982749443426,2010
41.06822900351586,2010
41.69423709161169,2010
42.04759993123434,2010
40.918055928523046,2010
41.79218178211438,2010
39.27472157448106,2010
40.84902766547011,2010
38.44562950640676,2010
41.260943759992514,2010
41.76240951307374,2010
39.76610069762544,2010
37.83122985056549,2010
41.55037245398963,2010
43.22672295178651,2010
39.18878244516242,2010
35.301275910775345,2010
33.74298376110749,2010
36.933933800939016,2010
36.75481147668344,2010
35.54715148368612,2010
36.756551011665735,2010
39.09411828831909,2010
41.329502029051746,2010
42.025718749771094,2010
40.68573682437389,2010
40.33203332855126,2010
38.68748448144395,2010
37.76842317456233,2010
36.81100174674433,2010
33.68434837708402,2010
33.65433030084086,2010
35.59426230822385,2010
37.08185319614114,2010
39.71730397213407,2010
38.96240325259188,2010
39.10835432269363,2010
39.814455133709075,2010
40.2730848481424,2010
40.94368306702941,2010
41.45056152936308,2010
39.68322114652134,2010
37.70672587770358,2010
34.54395413484677,2010
34.23597252717284,2010
36.95620071880228,2010
39.30624596021405,2010
39.36205287072585,2010
39.53375874660829,2010
37.074714704417985,2010
38.68276039577152,2010
40.120355876482,2010
38.84249117501822,2010
37.85474134565067,2010
35.43023272436273,2010
34.29236219936923,2010
28.21205350186201,2010
29.96258645926311,2010
29.688880293471207,2010
29.679063089829647,2010
31.279974916431893,2010
31.728041733495974,2010
32.414517681023455,2010
33.85117609947558,2010
36.15221322407577,2010
35.95468903338903,2010
32.85388196530241,2010
31.895348821770614,2010
30.5604343167288,2010
29.269565650318498,2010
29.285230742940957,2010
22.48630001459145,2010
21.39589821742914,2010
22.34005137206085,2010
23.938400568703877,2010
25.70925192596817,2010
24.453896167604864,2010
25.927977345797306,2010
26.7564153293158,2010
31.524859193115628,2010
32.66664715006386,2010
28.97581372755576,2010
25.921496462306457,2010
28.78318571381756,2010
30.58850754250825,2010
32.665965872500124,2010
30.49916295664508,2010
30.294028630973703,2010
29.30614866249586,2010
28.00305705694772,2010
25.474775719755726,2010
20.348397612889308,2010
20.330476657928298,2010
21.53604186337356,2010
21.157462486078423,2010
23.399437089454285,2010
21.771287061917956,2010
22.85387040889052,2010
23.82918660682144,2010
24.88977800781832,2010
26.213136945076208,2010
24.16906172721844,2010
22.917367138749036,2010
20.5795535696204,2010
16.240374136486196,2010
15.504579122249176,2010
15.951639540920512,2010
16.116983519296546,2010
18.36873716556681,2010
19.966339563800545,2010
14.734942736398322,2010
12.894415273087594,2010
15.764964961716451,2010
21.393073421471037,2010
23.579081010877733,2010
22.887012513160933,2010
22.30805022966312,2010
23.952204612124586,2010
24.018051525766708,2010
23.441530136211338,2010
25.02147191526773,2010
23.342092657544264,2010
22.16386623975979,2010
23.361912784278996,2010
26.120987833136713,2010
26.415600212148536,2010
24.65176385962496,2010
21.25017814792279,2010
15.30187128900194,2010
15.903812189659709,2010
18.99317680775192,2010
22.28691333485354,2010
21.196698542678163,2010
18.1412992097853,2010
21.184330238738553,2010
15.043023530178992,2010
18.483679869515765,2010
22.45411256556139,2010
17.648208268099136,2010
17.698233157432682,2010
17.34061537868796,2010
11.729850782574044,2010
8.920263731507488,2010
7.359487856945178,2011
8.506682017161879,2011
12.089349699942543,2011
13.699304211958903,2011
14.032897502620944,2011
15.546221149181102,2011
17.340791719480094,2011
17.843108507061128,2011
15.688913755645684,2011
16.03756385474579,2011
15.72354531367678,2011
17.175565539220724,2011
19.524503218327062,2011
20.91264156012968,2011
22.776470094902685,2011
22.770686080166673,2011
20.626230518191267,2011
22.472673020571616,2011
23.34866265805092,2011
22.82276434611237,2011
21.16392010916559,2011
20.055422284909845,2011
20.610956496783007,2011
20.77230186332367,2011
19.262320804676452,2011
19.599171883616712,2011
21.11352434518676,2011
22.03299109029084,2011
22.032384436613224,2011
21.037613223199127,2011
20.93438716574284,2011
16.866136214568876,2011
16.429915668750333,2011
5.569456473771169,2011
8.374563241295807,2011
11.83574177742484,2011
15.980724839765331,2011
20.5144655346316,2011
21.06802975327734,2011
20.427679854875272,2011
18.27826936685023,2011
17.623581625211973,2011
22.32834274525643,2011
24.62006097595066,2011
25.57770809377599,2011
25.70835754381948,2011
25.055602946840995,2011
22.84484536462463,2011
20.664445565849597,2011
18.84284060733654,2011
20.498407705324663,2011
12.530091131965316,2011
15.659734232059266,2011
17.66231650539244,2011
17.722726621034777,2011
16.840574896390645,2011
18.26762512923438,2011
18.320957875024177,2011
12.07833568821764,2011
18.99794360718676,2011
23.055756554724844,2011
24.143766117115423,2011
24.49675167221408,2011
25.738958718272833,2011
24.91552268826694,2011
25.08832766176564,2011
22.33445837201451,2011
20.924938165799052,2011
26.311642775618328,2011
29.593708477374356,2011
29.02052860417671,2011
27.89468908787802,2011
28.818228392777932,2011
28.28807337916146,2011
28.546276503407473,2011
30.7132762787896,2011
30.320872187064413,2011
28.855965579112233,2011
24.92591319653319,2011
24.291578164445855,2011
18.180792470600828,2011
17.90369023133833,2011
22.039724917482307,2011
21.270956545397105,2011
21.38074624711799,2011
22.815040712672417,2011
23.55658505178913,2011
26.22924996941175,2011
28.211289349437894,2011
29.85680652509139,2011
33.420455227564716,2011
35.889692451006155,2011
33.94799393086379,2011
28.922351129631476,2011
27.56654314350252,2011
30.160908078476883,2011
26.741417430064676,2011
26.85126666732799,2011
20.684488328019164,2011
11.310955874791974,2011
18.87524349126188,2011
26.60276617264092,2011
27.390694238817204,2011
28.19013676383126,2011
26.27102210409523,2011
30.393142367365662,2011
33.9413159646467,2011
34.534125159335304,2011
32.3187880585521,2011
29.784420754012796,2011
30.880418567290537,2011
31.657864714737723,2011
30.170245131781662,2011
29.51992861911683,2011
28.666947293733585,2011
29.52374020981557,2011
30.1726303667292,2011
29.672640883879964,2011
32.50701878034213,2011
31.089311515699865,2011
26.371881914697024,2011
25.38060334239361,2011
28.684491847474582,2011
32.7709425718392,2011
34.943565174580826,2011
36.02950089851944,2011
36.09883468739639,2011
35.71341301620765,2011
33.396951404553405,2011
25.27044858079616,2011
23.005683857691263,2011
28.62979585172295,2011
33.375189874776716,2011
36.629042761525454,2011
33.57793040232152,2011
32.33353779142632,2011
29.32824905557544,2011
26.404025204771095,2011
24.15592928189312,2011
24.79116516568032,2011
29.76642031896446,2011
32.838769561544986,2011
33.229059129282106,2011
31.459488592031143,2011
30.38773602518388,2011
34.587087723364,2011
35.950660208266456,2011
36.95772643752919,2011
36.9671201840919,2011
29.92609606659879,2011
28.576374709201747,2011
35.09168928801694,2011
34.561683037419265,2011
33.61367076000051,2011
34.482541390630445,2011
37.288161486193985,2011
39.3550260269689,2011
34.39669491827006,2011
34.75537759753033,2011
34.3114472962245,2011
35.35417912125015,2011
36.727549199528625,2011
36.65150446303782,2011
37.396668812364055,2011
37.09127543802718,2011
39.367806666212914,2011
40.752627246481254,2011
39.27646528357134,2011
39.03673767362949,2011
38.956092903913785,2011
36.83477695574952,2011
38.16252074275928,2011
41.3724846941552,2011
43.298462352530834,2011
42.07338324626938,2011
41.76441366070187,2011
42.17196310096142,2011
43.20686176569315,2011
44.659648051487245,2011
42.337408356284705,2011
42.28662646569534,2011
39.667153910491344,2011
42.834755738713135,2011
45.61026496925042,2011
42.39494714810801,2011
39.50517782270564,2011
40.02572502946548,2011
38.5622663843174,2011
40.47454673837379,2011
41.34584801128116,2011
41.48323568716526,2011
38.996111385496135,2011
36.694221511795725,2011
38.03129747339676,2011
38.26837742335705,2011
37.43438366422302,2011
37.712506697860874,2011
40.331286459103225,2011
42.72486114896868,2011
42.28518202222651,2011
41.175782627239194,2011
41.59420304654705,2011
41.20832253365258,2011
40.07472427793646,2011
39.47662162226176,2011
37.837447972377575,2011
36.85404994750072,2011
39.68208756324468,2011
39.620784356462984,2011
41.472807102548245,2011
39.834872855304255,2011
41.35324427099561,2011
40.979832704630674,2011
39.772038084191266,2011
43.02733289832153,2011
42.375990789707,2011
41.196662563998714,2011
41.7825509768666,2011
40.736279624805576,2011
40.767157313236346,2011
39.45081825602099,2011
39.620483857772896,2011
39.6459184510353,2011
37.96238657711851,2011
36.96436103354607,2011
38.67377025767156,2011
40.49155941766377,2011
40.439769594334905,2011
40.73528692171453,2011
42.23741828368709,2011
43.09660541416524,2011
39.13034303319237,2011
39.98959053526667,2011
41.13960055629369,2011
42.99215396962058,2011
43.98445503370128,2011
44.53367594324527,2011
43.24595353500043,2011
44.72134556323092,2011
43.33198142800281,2011
41.487112872566065,2011
43.235880921432255,2011
42.91393452858849,2011
42.77780489536319,2011
42.32186380723241,2011
38.30246442735504,2011
41.047368084271625,2011
41.8654927324212,2011
38.920877738218586,2011
39.52840095072728,2011
40.39998278992464,2011
41.20893312758106,2011
36.32359285398151,2011
36.44276118113149,2011
35.54503351361399,2011
36.4446165443253,2011
34.49012712659985,2011
32.812385282862195,2011
34.05473905274441,2011
34.835675498667165,2011
34.0643573180891,2011
36.26985919994958,2011
37.85861761281716,2011
38.54110184656329,2011
39.154747633797506,2011
39.355178466867734,2011
40.2344523585405,2011
39.22474636104137,2011
37.24209815936446,2011
35.51467749527465,2011
37.04954772344022,2011
36.223643086398795,2011
37.32827181461,2011
37.879291859712374,2011
35.49445269616232,2011
36.20481804537605,2011
35.98870990145745,2011
32.9910346420989,2011
26.389897513898735,2011
22.515462356166196,2011
23.427797770554076,2011
25.043161598056088,2011
27.864875861342313,2011
29.46879801969836,2011
31.309404467975607,2011
34.50032685915069,2011
35.96743866437504,2011
35.769481597336814,2011
36.62407922855984,2011
35.2537327740801,2011
35.03001396902559,2011
35.20702152768765,2011
34.782950242215975,2011
33.440266180604155,2011
32.798827364715855,2011
34.203783213518776,2011
34.370814852866836,2011
32.346144053515644,2011
31.118613400195787,2011
25.315131248613753,2011
24.20502019268387,2011
28.539218440728188,2011
29.32137769038983,2011
30.51855787000737,2011
30.870719660739372,2011
29.757469410019507,2011
24.531973934095845,2011
26.77146107071446,2011
26.452183620762643,2011
15.207691762327244,2011
17.468558419122292,2011
14.41651046672068,2011
16.71169781287851,2011
22.01605700470931,2011
23.096348615720384,2011
21.178025744290093,2011
22.90732936225744,2011
19.65437429603578,2011
20.691826857273895,2011
20.744071898698703,2011
22.07602047862962,2011
24.310583460178957,2011
22.92189435128705,2011
21.64654251438012,2011
21.60684521547712,2011
18.814209731684993,2011
21.984271603999115,2011
25.97380534058162,2011
19.358833941079332,2011
20.36923047206891,2011
24.121895723580643,2011
22.645525404607177,2011
23.308379285947396,2011
22.670462285610476,2011
23.52034625778506,2011
15.502734582268555,2011
14.12533320597005,2011
11.977287165221954,2011
11.841862580657208,2011
11.921274991382376,2011
12.12659529021698,2011
14.55123502534164,2011
15.602223065464058,2011
18.645919800637515,2011
20.494752331475876,2011
19.16702055181276,2011
13.213627193479155,2011
11.415970924027697,2011
13.336724448958895,2011
14.566915069111037,2011
19.12095363597384,2011
19.495999255894265,2011
12.053109278700653,2011
13.340995685265163,2011
15.279743270888655,2011
15.682743601552469,2011
12.555901384737698,2011
14.893477036018432,2011
15.525601883066985,2011
17.291384945818333,2011
16.860052371495417,2011
17.48518631322437,2011
18.8825198758493,2011
20.14041098096852,2011
22.836040711589195,2011
22.91404186429289,2012
26.263225321295625,2012
25.50400212158582,2012
22.85432040678278,2012
25.445455132428027,2012
23.658558383019415,2012
21.67922645535962,2012
20.86905975936704,2012
18.13565546691085,2012
18.226814089720193,2012
18.6610417464076,2012
17.634480766550094,2012
17.17672870968808,2012
20.2296317757094,2012
20.488334580174183,2012
16.61766120884055,2012
17.634998857545312,2012
18.261734671105582,2012
18.5803152493554,2012
20.05081754997548,2012
20.390323994064868,2012
20.804033557496737,2012
15.83206286875996,2012
16.442870118438112,2012
18.306079638942663,2012
19.96962238466485,2012
22.085241638765552,2012
20.073978300700738,2012
23.734789461621062,2012
24.33029942271155,2012
22.45740606480397,2012
22.435016928512457,2012
21.945134607446914,2012
18.629902418944397,2012
17.852354141940328,2012
19.51680229442422,2012
20.267663478576715,2012
19.045510146191795,2012
22.28619468774897,2012
22.203035480539977,2012
24.254642735301292,2012
24.921762401863575,2012
25.353659978564934,2012
18.687867651228647,2012
18.28410155315723,2012
13.90662263079907,2012
16.491454859708348,2012
18.69548994098583,2012
19.340014328130213,2012
19.477566429584343,2012
18.47385367799143,2012
19.498665370603735,2012
22.7253453739031,2012
23.658563570629592,2012
24.738259360378265,2012
25.172675108710585,2012
25.09675560565979,2012
25.25818714662515,2012
24.159254952247956,2012
15.41945675800194,2012
18.82132505861087,2012
20.488720930897703,2012
18.68242108799608,2012
21.48951361563805,2012
26.705022422408863,2012
27.356353511514698,2012
28.025264593618857,2012
15.312219485971186,2012
20.949872854360503,2012
22.35539644751329,2012
20.954306212455688,2012
24.35794627217414,2012
26.597223417012117,2012
27.211101362645753,2012
26.893993531786325,2012
28.451264740637995,2012
28.35256913314069,2012
25.26693475530538,2012
12.690471589516594,2012
13.1700792760145,2012
18.001616836961357,2012
23.189352764994354,2012
27.397605391618992,2012
28.48085661854502,2012
29.14017383382533,2012
27.311882374938953,2012
22.422585579814267,2012
26.671705754734287,2012
28.281761047639552,2012
28.52213018937116,2012
30.025868483180115,2012
32.19950377158812,2012
21.99414539993684,2012
21.7306170723099,2012
25.03620314265195,2012
27.203419917752797,2012
29.23778817039019,2012
26.046571633821436,2012
30.048810196277213,2012
31.40979274294825,2012
32.697711595212255,2012
31.859559856214663,2012
23.22564188795089,2012
22.368990579204336,2012
24.616783002830577,2012
16.710930986188483,2012
22.086061281268137,2012
27.701266501533013,2012
31.550763342195523,2012
33.18567891774787,2012
33.27220337469901,2012
34.72006308791855,2012
37.1909208473975,2012
38.59366215808189,2012
37.22564078811872,2012
33.721102768386174,2012
32.12176255271985,2012
25.387014875748815,2012
28.36352242253657,2012
31.886966915895847,2012
32.34166145215072,2012
33.07224995324549,2012
31.805249750127096,2012
32.054082469635915,2012
33.27384843798795,2012
33.46779823989895,2012
33.147033934067075,2012
32.58730510257326,2012
31.634888868394995,2012
32.131022500507086,2012
33.068171988953594,2012
33.449521971401666,2012
35.51622372284534,2012
35.31653001506687,2012
38.11248613467921,2012
37.79399568083443,2012
39.34219790618401,2012
38.66192560906301,2012
38.5031173099364,2012
34.58630701460072,2012
34.97065492808868,2012
38.27286401792102,2012
40.59910654800226,2012
40.79010962849317,2012
37.743449132217414,2012
34.808251496674806,2012
32.47383337768526,2012
25.908425824079764,2012
29.269280527220815,2012
33.128161426025464,2012
35.73952606692146,2012
37.18306470959725,2012
41.434544642703464,2012
42.69660491914049,2012
39.8807937999464,2012
37.43232625918865,2012
37.45395392942665,2012
36.929551587820995,2012
36.979691258688874,2012
37.5822706885828,2012
38.74999242894697,2012
37.97291711918132,2012
37.27277293779029,2012
38.83344298381235,2012
40.07764434420795,2012
40.00072247488873,2012
39.211832723745275,2012
38.085612076653575,2012
39.63741576465245,2012
42.1217085233049,2012
42.98038892657732,2012
41.07524441730232,2012
41.09083778094035,2012
41.29448473411294,2012
40.82406778900737,2012
40.53773883107849,2012
39.65253412549017,2012
40.05341083059592,2012
41.67991894024205,2012
42.44471504613678,2012
42.162729063163226,2012
42.35557589278604,2012
41.739030360903435,2012
41.56282062116524,2012
40.608787198740494,2012
36.987503056684496,2012
28.534716679421575,2012
36.07148974008014,2012
39.25397533957916,2012
41.73009574496259,2012
41.79765996361351,2012
43.7694924278691,2012
42.75596446041751,2012
41.72268816027909,2012
38.88107224841084,2012
34.1019039629798,2012
34.49746754004684,2012
36.50464689429782,2012
37.829659853120994,2012
37.820090927809616,2012
39.961424844095774,2012
40.1877437129596,2012
41.474005240068486,2012
39.97166398104327,2012
38.00281966857764,2012
39.05454466817379,2012
37.77932727922091,2012
39.47893317821824,2012
40.29172007671084,2012
41.28936974002789,2012
37.46059545603291,2012
37.619437537055504,2012
35.6502482593542,2012
37.08155489460239,2012
37.94135343822019,2012
39.63336471813104,2012
40.80750183495782,2012
41.52077640279892,2012
39.97783024383138,2012
42.05546173566088,2012
42.84129655687958,2012
44.672167141419095,2012
43.21842946370744,2012
43.30849616921324,2012
42.818629994598986,2012
44.21771308466132,2012
43.99156944598022,2012
43.43831338158685,2012
36.25556338879779,2012
35.52130782387054,2012
33.76869193385366,2012
36.44698600685315,2012
38.687462562132616,2012
39.55431812717832,2012
37.89552612760633,2012
31.59097347217413,2012
33.605288469010446,2012
35.84089815547799,2012
38.035430152970754,2012
38.89219994639668,2012
40.72105878773516,2012
41.107709243391966,2012
39.442695410820335,2012
37.45303915938611,2012
37.56403723030768,2012
38.84194246396271,2012
40.15016669688266,2012
38.35991911561281,2012
36.943666905430135,2012
36.96524357842854,2012
37.39231241561316,2012
28.591932148200396,2012
34.04323633699246,2012
33.096562686842994,2012
34.420440662367774,2012
26.888875878542684,2012
32.89744164399606,2012
36.222754494721656,2012
33.96091399739727,2012
34.386347146311856,2012
35.97683317981152,2012
35.20312536969616,2012
37.24084676149928,2012
38.81145224976925,2012
38.60560018589372,2012
38.82838826127549,2012
39.433831932207184,2012
38.19287844856153,2012
36.938033614691136,2012
35.4102343661052,2012
34.63621763032684,2012
34.651507197020166,2012
34.67578390168653,2012
35.01621732056366,2012
37.62870283406208,2012
38.17768064793481,2012
38.06243760922571,2012
37.07542483177834,2012
35.329239514519124,2012
34.04822080331681,2012
32.212396569357836,2012
33.49312813180251,2012
33.15049224911713,2012
32.71144783160848,2012
32.405966563607784,2012
30.788482827308027,2012
23.15263290840471,2012
26.470813933589255,2012
32.485991227575525,2012
33.845475066284656,2012
32.6984956370173,2012
32.85460745241002,2012
30.733470539981234,2012
32.587713938597105,2012
31.513879863696665,2012
29.890260596474484,2012
28.219588631409664,2012
27.774680554451265,2012
26.951742265241172,2012
27.560685483600288,2012
27.669188660137717,2012
28.731113148660192,2012
30.48621998129782,2012
30.763861382110697,2012
30.345404345322912,2012
29.862363172767665,2012
30.12752843145348,2012
28.97625674199112,2012
28.77339814118862,2012
30.803351745360015,2012
31.4159051862242,2012
31.549156450638687,2012
30.790198824716704,2012
28.449330913625925,2012
23.767505071102896,2012
15.83062348379283,2012
16.31360129431114,2012
21.513751927377182,2012
23.767332633637835,2012
26.233650988783367,2012
21.773179501237443,2012
25.582738989134477,2012
23.4719167210997,2012
24.689308540669764,2012
24.85160560785638,2012
26.623285261594845,2012
26.065334142633617,2012
25.369167215055693,2012
28.1026577112077,2012
27.953325685911786,2012
26.184132902861062,2012
25.223675311578425,2012
26.768774476087707,2012
25.65479867522196,2012
23.897336329291644,2012
23.241695052933668,2012
23.0455775932337,2012
23.45329035627821,2012
23.107234763192476,2012
24.716797260912795,2012
26.1668351028214,2012
23.3725337458674,2012
22.634837078165884,2012
21.367665952284128,2012
20.35939136480189,2012
17.51948896947367,2012
18.76227140545378,2012
21.116642275992927,2012
20.09730687609617,2012
14.263140579873438,2012
12.8015619739379,2012
13.412366706213698,2012
15.36864711827763,2012
15.298981377461256,2012
12.551230581736244,2012
15.759912249024516,2012
19.19067626414779,2012
19.63181911305631,2012
17.90663619580498,2012
16.49780838589657,2012
12.522030767055089,2012
14.861628078460823,2012
12.745693964526325,2012
12.985118642352392,2012
15.964138001266264,2012
11.963363124783925,2012
