LabWeek,Tot_Mosq_Abund,N_Pools,Tot_Mosq_Sampled,Mean_Mosq_Per_Pool,N_Pos_Pools,Prop_Pos_Pools,MIR,I_M,Inf_Mosq_Per_1000,Year,date,Date
1,46,17,46,2.7058823529411766,0,0,0,0,0,2006,2006-01-01,2006-01-01
3,2,2,2,1,0,0,0,0,0,2006,2006-01-08,2006-01-08
4,2,1,2,2,0,0,0,0,0,2006,2006-01-15,2006-01-15
5,16,3,16,5.333333333333334,0,0,0,0,0,2006,2006-01-22,2006-01-22
6,17,7,17,2.4285714285714284,0,0,0,0,0,2006,2006-01-29,2006-01-29
7,19,3,19,6.333333333333334,0,0,0,0,0,2006,2006-02-05,2006-02-05
8,6,2,6,3,0,0,0,0,0,2006,2006-02-12,2006-02-12
9,12,6,12,2,0,0,0,0,0,2006,2006-02-19,2006-02-19
10,14,4,14,3.5,0,0,0,0,0,2006,2006-02-26,2006-02-26
11,8,3,8,2.6666666666666665,0,0,0,0,0,2006,2006-03-05,2006-03-05
12,3,2,3,1.5,0,0,0,0,0,2006,2006-03-12,2006-03-12
13,30,5,30,6,0,0,0,0,0,2006,2006-03-19,2006-03-19
14,130,24,130,5.416666666666668,0,0,0,0,0,2006,2006-03-26,2006-03-26
15,213,38,213,4.918918918918919,0,0,0,0,0,2006,2006-04-02,2006-04-02
16,450,34,450,8.52,0,0,0,0,0,2006,2006-04-09,2006-04-09
17,173,26,173,6.653846153846154,0,0,0,0,0,2006,2006-04-16,2006-04-16
18,380,45,380,8.444444444444446,0,0,0,0,0,2006,2006-04-23,2006-04-23
19,533,49,533,10.0625,0,0,0,0,0,2006,2006-04-30,2006-04-30
20,250,50,250,5,0,0,0,0,0,2006,2006-05-07,2006-05-07
21,111,32,111,3.46875,0,0,0,0,0,2006,2006-05-14,2006-05-14
22,238,25,238,8.041666666666666,0,0,0,0,0,2006,2006-05-21,2006-05-21
23,11,4,11,2.75,0,0,0,0,0,2006,2006-05-28,2006-05-28
24,187,29,187,6.448275862068964,0,0,0,0,0,2006,2006-06-04,2006-06-04
25,213,21,213,10.142857142857144,0,0,0,0,0,2006,2006-06-11,2006-06-11
26,61,13,61,4.6923076923076925,0,0,0,0,0,2006,2006-06-18,2006-06-18
27,94,29,94,3.241379310344828,0,0,0,0,0,2006,2006-06-25,2006-06-25
28,201,24,201,8.375,0,0,0,0,0,2006,2006-07-02,2006-07-02
29,227,16,227,14.1875,1,0.0625,4.405286343612334,0.00429332529047044,4.29332529047044,2006,2006-07-09,2006-07-09
30,191,22,191,8.681818181818183,1,0.045454545454545456,5.235602094240837,0.005155554897814274,5.155554897814274,2006,2006-07-16,2006-07-16
31,88,22,88,4,2,0.09090909090909091,22.727272727272727,0.023545910323689467,23.54591032368947,2006,2006-07-23,2006-07-23
32,349,41,349,8.512195121951219,1,0.024390243902439025,2.865329512893983,0.0027398633255965033,2.7398633255965033,2006,2006-07-30,2006-07-30
33,121,16,121,7.5625,0,0,0,0,0,2006,2006-08-06,2006-08-06
34,382,36,382,10.611111111111109,3,0.08333333333333333,7.853403141361258,0.007878922467347005,7.878922467347005,2006,2006-08-13,2006-08-13
35,185,16,185,11.5625,3,0.1875,16.216216216216218,0.017154438363525593,17.154438363525593,2006,2006-08-20,2006-08-20
36,111,11,111,10.09090909090909,0,0,0,0,0,2006,2006-08-27,2006-08-27
37,55,6,55,9.166666666666666,0,0,0,0,0,2006,2006-09-03,2006-09-03
38,531,25,531,21.24,3,0.12,5.649717514124294,0.005793758864398479,5.793758864398479,2006,2006-09-10,2006-09-10
39,1245,39,1245,27.903225806451612,5,0.1282051282051282,4.5946346524381205,0.004888054442437673,4.888054442437673,2006,2006-09-17,2006-09-17
40,608,24,608,24.869565217391305,1,0.041666666666666664,1.6754079254079253,0.0017009363420622536,1.7009363420622536,2006,2006-09-24,2006-09-24
41,112,7,112,16,1,0.14285714285714285,8.928571428571429,0.009588155178369973,9.588155178369973,2006,2006-10-01,2006-10-01
42,221,19,221,11.631578947368421,1,0.05263157894736842,4.524886877828054,0.004495466775989554,4.495466775989554,2006,2006-10-08,2006-10-08
43,276,17,276,15.0625,0,0,0,0,0,2006,2006-10-15,2006-10-15
44,399,47,399,8.48936170212766,0,0,0,0,0,2006,2006-10-22,2006-10-22
45,465,50,465,9.3,0,0,0,0,0,2006,2006-10-29,2006-10-29
46,508,83,508,6.120481927710845,0,0,0,0,0,2006,2006-11-05,2006-11-05
47,864,47,864,14.869047619047617,0,0,0,0,0,2006,2006-11-12,2006-11-12
48,329,40,329,6.254385964912281,0,0,0,0,0,2006,2006-11-19,2006-11-19
49,86,25,86,3.44,0,0,0,0,0,2006,2006-11-26,2006-11-26
50,29,20,29,1.45,0,0,0,0,0,2006,2006-12-03,2006-12-03
51,9,5,9,1.8,0,0,0,0,0,2006,2006-12-10,2006-12-10
52,18,12,18,1.5,0,0,0,0,0,2006,2006-12-17,2006-12-17
53,2,1,2,2,0,0,0,0,0,2006,2006-12-24,2006-12-24
1,11,5,11,2.2,0,0,0,0,0,2007,2006-12-31,2007-01-01
2,40,15,40,2.666666666666667,0,0,0,0,0,2007,2007-01-07,2007-01-08
3,14,5,14,2.8,0,0,0,0,0,2007,2007-01-14,2007-01-15
4,6,6,6,1,0,0,0,0,0,2007,2007-01-21,2007-01-22
5,10,6,10,1.6666666666666665,0,0,0,0,0,2007,2007-01-28,2007-01-29
6,44,15,44,2.933333333333333,0,0,0,0,0,2007,2007-02-04,2007-02-05
7,5,4,5,1.25,0,0,0,0,0,2007,2007-02-11,2007-02-12
8,33,13,33,2.5384615384615383,0,0,0,0,0,2007,2007-02-18,2007-02-19
10,155,24,155,6.458333333333333,0,0,0,0,0,2007,2007-02-25,2007-02-26
11,500,41,500,9.210526315789474,0,0,0,0,0,2007,2007-03-04,2007-03-05
12,675,40,675,12.142857142857144,0,0,0,0,0,2007,2007-03-11,2007-03-12
13,156,25,156,6.239999999999999,0,0,0,0,0,2007,2007-03-18,2007-03-19
14,460,49,460,9.387755102040817,0,0,0,0,0,2007,2007-03-25,2007-03-26
15,496,52,496,7.6564625850340144,0,0,0,0,0,2007,2007-04-01,2007-04-02
16,544,64,544,8.5,0,0,0,0,0,2007,2007-04-08,2007-04-09
17,844,95,844,7.926630434782608,0,0,0,0,0,2007,2007-04-15,2007-04-16
18,241,22,241,9.666666666666668,0,0,0,0,0,2007,2007-04-22,2007-04-23
19,756,59,756,12.344827586206897,0,0,0,0,0,2007,2007-04-29,2007-04-30
20,780,53,780,12.933333333333334,0,0,0,0,0,2007,2007-05-06,2007-05-07
21,714,56,714,12.39090909090909,0,0,0,0,0,2007,2007-05-13,2007-05-14
22,588,39,588,15.076923076923075,0,0,0,0,0,2007,2007-05-20,2007-05-21
23,390,34,390,11.47058823529412,1,0.029411764705882353,2.5641025641025634,0.0024846550512164223,2.4846550512164223,2007,2007-05-27,2007-05-28
24,1805,52,755,11.191489361702128,1,0.019230769230769232,1.7183386955250075,0.0016168652840757858,1.6168652840757858,2007,2007-06-03,2007-06-04
25,716,65,716,8.408333333333335,6,0.09230769230769231,10.97811999695052,0.010703398362036931,10.703398362036932,2007,2007-06-10,2007-06-11
26,334,66,334,5.0606060606060606,3,0.045454545454545456,8.982035928143713,0.007723356360672451,7.723356360672451,2007,2007-06-17,2007-06-18
27,140,37,140,3.7837837837837847,2,0.05405405405405406,14.285714285714283,0.013796407855216408,13.796407855216408,2007,2007-06-24,2007-06-25
28,390,66,390,5.909090909090909,5,0.07575757575757576,12.820512820512821,0.013044321977128681,13.044321977128682,2007,2007-07-01,2007-07-02
29,516,58,516,8.26315789473684,4,0.06896551724137931,8.34614539863826,0.007908447259633355,7.9084472596333555,2007,2007-07-08,2007-07-09
30,506,80,506,5.205128205128206,2,0.025,4.80295566502463,0.0042107445144894395,4.2107445144894395,2007,2007-07-15,2007-07-16
31,328,74,328,4.432432432432432,4,0.05405405405405406,12.195121951219516,0.011052438229725237,11.052438229725237,2007,2007-07-22,2007-07-23
32,685,89,685,7.696629213483145,8,0.0898876404494382,11.678832116788323,0.011704366578912606,11.704366578912605,2007,2007-07-29,2007-07-30
33,804,101,804,7.346801346801348,7,0.06930693069306931,9.43361980561026,0.008938032982423127,8.938032982423127,2007,2007-08-05,2007-08-06
34,1222,136,1222,8.485074626865675,9,0.0661764705882353,7.79916188111128,0.00757866921304684,7.57866921304684,2007,2007-08-12,2007-08-13
35,570,85,570,6.327380952380953,6,0.07058823529411765,11.155995794366664,0.0104031382564298,10.4031382564298,2007,2007-08-19,2007-08-20
36,246,59,246,4.169491525423728,4,0.06779661016949153,16.260162601626018,0.013942738709534774,13.942738709534774,2007,2007-08-26,2007-08-27
37,436,56,436,7.7857142857142865,1,0.017857142857142856,2.293577981651376,0.0022497786337137837,2.2497786337137837,2007,2007-09-02,2007-09-03
38,341,81,341,4.209876543209877,1,0.012345679012345678,2.932551319648094,0.002481420174103466,2.481420174103466,2007,2007-09-09,2007-09-10
39,542,95,542,5.705263157894739,0,0,0,0,0,2007,2007-09-16,2007-09-17
40,892,132,892,6.7575757575757605,0,0,0,0,0,2007,2007-09-23,2007-09-24
41,465,74,465,6.283783783783784,0,0,0,0,0,2007,2007-09-30,2007-10-01
42,814,118,814,6.898305084745764,1,0.00847457627118644,1.2285012285012284,0.0012150740087519818,1.2150740087519818,2007,2007-10-07,2007-10-08
43,755,113,755,6.455357142857143,0,0,0,0,0,2007,2007-10-14,2007-10-15
44,757,121,757,6.2561983471074365,1,0.008264462809917356,1.3210039630118895,0.001184840780466101,1.184840780466101,2007,2007-10-21,2007-10-22
45,1190,158,1190,6.760822510822511,0,0,0,0,0,2007,2007-10-28,2007-10-29
46,460,63,460,6.3169398907103815,0,0,0,0,0,2007,2007-11-04,2007-11-05
47,774,90,728,6.139534883720933,0,0,0,0,0,2007,2007-11-11,2007-11-12
48,301,80,301,3.7625,0,0,0,0,0,2007,2007-11-18,2007-11-19
49,271,67,271,4.044776119402985,0,0,0,0,0,2007,2007-11-25,2007-11-26
50,4,3,4,1.3333333333333333,0,0,0,0,0,2007,2007-12-02,2007-12-03
51,15,12,15,1.25,0,0,0,0,0,2007,2007-12-09,2007-12-10
1,72,19,72,3.7894736842105265,0,0,0,0,0,2008,2007-12-16,2008-01-01
2,46,14,46,3.285714285714286,0,0,0,0,0,2008,2007-12-23,2008-01-08
3,164,28,164,5.857142857142857,0,0,0,0,0,2008,2007-12-30,2008-01-15
4,15,11,15,1.3636363636363635,0,0,0,0,0,2008,2008-01-06,2008-01-22
5,9,6,9,1.5,0,0,0,0,0,2008,2008-01-13,2008-01-29
6,6,4,6,1.5,0,0,0,0,0,2008,2008-01-20,2008-02-05
7,41,23,41,1.7826086956521738,0,0,0,0,0,2008,2008-01-27,2008-02-12
8,62,14,62,4.428571428571427,0,0,0,0,0,2008,2008-02-03,2008-02-19
9,73,40,73,1.8250000000000002,0,0,0,0,0,2008,2008-02-10,2008-02-26
10,72,41,72,1.75609756097561,0,0,0,0,0,2008,2008-02-17,2008-03-04
11,268,93,268,2.881720430107526,0,0,0,0,0,2008,2008-02-24,2008-03-11
12,182,46,182,3.956521739130435,0,0,0,0,0,2008,2008-03-02,2008-03-18
13,198,46,198,4.304347826086956,0,0,0,0,0,2008,2008-03-09,2008-03-25
14,501,121,501,4.140495867768595,0,0,0,0,0,2008,2008-03-16,2008-04-01
15,450,102,450,4.163366336633662,0,0,0,0,0,2008,2008-03-23,2008-04-08
16,625,133,625,4.481060606060605,0,0,0,0,0,2008,2008-03-30,2008-04-15
17,728,122,728,5.558333333333334,0,0,0,0,0,2008,2008-04-06,2008-04-22
18,802,129,802,5.472222222222223,0,0,0,0,0,2008,2008-04-13,2008-04-29
20,1299,126,1099,6.127118644067798,0,0,0,0,0,2008,2008-04-20,2008-05-06
21,727,74,727,7.66425120772947,0,0,0,0,0,2008,2008-04-27,2008-05-13
22,921,113,921,6.214953271028038,0,0,0,0,0,2008,2008-05-04,2008-05-20
23,1186,160,1186,6.53225806451613,0,0,0,0,0,2008,2008-05-11,2008-05-27
24,1156,167,1156,6.188139059304698,1,0.005988023952095809,0.9676615044860718,8.576354574741929e-4,0.8576354574741929,2008,2008-05-18,2008-06-03
25,435,49,435,8.229166666666668,0,0,0,0,0,2008,2008-05-25,2008-06-10
26,556,91,556,5.822222222222222,0,0,0,0,0,2008,2008-06-01,2008-06-17
27,811,117,811,6.245614035087719,4,0.03418803418803419,5.47392682224143,0.0049571178908260904,4.9571178908260904,2008,2008-06-08,2008-06-24
28,581,103,581,5.163366336633666,1,0.009708737864077669,1.8803116476928938,0.0016247078883879773,1.6247078883879773,2008,2008-06-15,2008-07-01
29,695,118,695,4.7391304347826075,0,0,0,0,0,2008,2008-06-22,2008-07-08
30,603,95,603,6.347368421052631,1,0.010526315789473684,1.658374792703151,0.0015105878162926523,1.5105878162926523,2008,2008-06-29,2008-07-15
31,803,111,803,7.234234234234233,7,0.06306306306306306,8.717310087173102,0.0081093531177997,8.1093531177997,2008,2008-07-06,2008-07-22
32,325,67,325,4.850746268656717,5,0.07462686567164178,15.38461538461538,0.01539196091606787,15.39196091606787,2008,2008-07-13,2008-07-29
33,187,54,187,3.4629629629629637,3,0.05555555555555555,16.042780748663098,0.014187991649751708,14.187991649751709,2008,2008-07-20,2008-08-05
34,672,124,672,5.419354838709676,13,0.10483870967741936,19.345238095238102,0.018289244859773124,18.289244859773124,2008,2008-07-27,2008-08-12
35,353,98,353,3.602040816326531,2,0.02040816326530612,5.665722379603399,0.00514155850654463,5.14155850654463,2008,2008-08-03,2008-08-19
36,527,95,527,5.547368421052632,7,0.07368421052631578,13.282732447817834,0.012675657972105903,12.675657972105903,2008,2008-08-10,2008-08-26
37,1172,159,1131,5.76948051948052,6,0.03773584905660377,6.540597360401779,0.006390539891064195,6.390539891064195,2008,2008-08-17,2008-09-02
38,1527,235,1527,6.333333333333333,4,0.01702127659574468,2.687569988801792,0.0024495383472767918,2.4495383472767918,2008,2008-08-24,2008-09-09
39,1292,159,1292,7.761146496815288,5,0.031446540880503145,4.051790659203113,0.003985984765366379,3.9859847653663794,2008,2008-08-31,2008-09-16
40,745,104,745,7.163461538461537,1,0.009615384615384616,1.3422818791946312,0.0012070098409047159,1.2070098409047159,2008,2008-09-07,2008-09-23
41,1221,167,1221,6.658486707566463,0,0,0,0,0,2008,2008-09-14,2008-09-30
42,433,79,433,5.044871794871795,0,0,0,0,0,2008,2008-09-21,2008-10-07
43,1015,132,1015,6.6015625,0,0,0,0,0,2008,2008-09-28,2008-10-14
44,957,145,957,5.9753521126760525,0,0,0,0,0,2008,2008-10-05,2008-10-21
45,272,52,272,5.230769230769231,0,0,0,0,0,2008,2008-10-12,2008-10-28
46,107,29,107,3.689655172413793,0,0,0,0,0,2008,2008-10-19,2008-11-04
47,517,91,517,5.681318681318681,0,0,0,0,0,2008,2008-10-26,2008-11-11
48,68,21,68,3.238095238095238,0,0,0,0,0,2008,2008-11-02,2008-11-18
49,100,41,100,2.4390243902439024,0,0,0,0,0,2008,2008-11-09,2008-11-25
50,72,32,72,2.25,0,0,0,0,0,2008,2008-11-16,2008-12-02
51,31,9,31,3.4444444444444446,0,0,0,0,0,2008,2008-11-23,2008-12-09
52,3,2,3,1.5,0,0,0,0,0,2008,2008-11-30,2008-12-16
53,30,6,30,5,0,0,0,0,0,2008,2008-12-07,2008-12-23
1,1,1,1,1,0,0,0,0,0,2009,2008-12-14,2009-01-01
2,14,8,14,1.75,0,0,0,0,0,2009,2008-12-21,2009-01-08
3,48,21,48,2.2857142857142856,0,0,0,0,0,2009,2008-12-28,2009-01-15
4,36,21,36,1.7142857142857144,0,0,0,0,0,2009,2009-01-04,2009-01-22
5,55,27,55,2.037037037037037,0,0,0,0,0,2009,2009-01-11,2009-01-29
6,63,22,63,2.8636363636363638,0,0,0,0,0,2009,2009-01-18,2009-02-05
7,13,11,13,1.1818181818181819,0,0,0,0,0,2009,2009-01-25,2009-02-12
8,239,60,239,3.9833333333333325,0,0,0,0,0,2009,2009-02-01,2009-02-19
9,405,92,405,4.093406593406594,0,0,0,0,0,2009,2009-02-08,2009-02-26
10,373,107,373,3.4859813084112146,0,0,0,0,0,2009,2009-02-15,2009-03-05
11,903,138,903,6.11029411764706,0,0,0,0,0,2009,2009-02-22,2009-03-12
12,661,114,661,5.584070796460177,0,0,0,0,0,2009,2009-03-01,2009-03-19
13,626,119,626,4.881355932203389,0,0,0,0,0,2009,2009-03-08,2009-03-26
14,683,105,683,6.264423076923076,0,0,0,0,0,2009,2009-03-15,2009-04-02
15,307,84,307,3.6547619047619047,0,0,0,0,0,2009,2009-03-22,2009-04-09
16,648,89,648,7.022727272727273,0,0,0,0,0,2009,2009-03-29,2009-04-16
17,770,99,770,7,0,0,0,0,0,2009,2009-04-05,2009-04-23
18,608,66,608,7.587301587301587,0,0,0,0,0,2009,2009-04-12,2009-04-30
19,796,81,796,7.282894736842106,0,0,0,0,0,2009,2009-04-19,2009-05-07
20,1528,126,1528,9.364035087719296,0,0,0,0,0,2009,2009-04-26,2009-05-14
21,454,73,454,5.888888888888889,1,0.0136986301369863,2.326182476092013,0.0022962466050135966,2.2962466050135966,2009,2009-05-03,2009-05-21
22,1214,114,1214,9.468181818181819,2,0.017543859649122806,1.8529280474349576,0.0017683922585230993,1.7683922585230993,2009,2009-05-10,2009-05-28
23,1027,97,1027,8.34615384615385,0,0,0,0,0,2009,2009-05-17,2009-06-04
24,866,87,866,8.94047619047619,0,0,0,0,0,2009,2009-05-24,2009-06-11
25,980,98,980,8.172043010752688,3,0.030612244897959183,3.7459720730397423,0.003448549720783567,3.448549720783567,2009,2009-05-31,2009-06-18
26,350,60,350,5.833333333333333,2,0.03333333333333333,5.714285714285715,0.0056343259234808984,5.6343259234808984,2009,2009-06-07,2009-06-25
27,329,31,329,7.896551724137932,1,0.03225806451612903,4.085082405972671,0.004090339532262344,4.090339532262344,2009,2009-06-14,2009-07-02
28,427,45,427,7.992248062015502,2,0.044444444444444446,5.560944067248627,0.0056666802135597605,5.6666802135597605,2009,2009-06-21,2009-07-09
29,375,39,375,6.25,3,0.07692307692307693,12.30769230769231,0.011369545130088254,11.369545130088255,2009,2009-06-28,2009-07-16
30,318,58,318,5.482758620689656,1,0.017241379310344827,3.1446540880503138,0.002894426831496544,2.894426831496544,2009,2009-07-05,2009-07-23
31,321,62,321,4.442622950819673,1,0.016129032258064516,3.630520176169503,0.00324682181139202,3.24682181139202,2009,2009-07-12,2009-07-30
32,182,44,182,4.136363636363636,0,0,0,0,0,2009,2009-07-19,2009-08-06
33,307,52,307,5.903846153846154,1,0.019230769230769232,3.257328990228013,0.0032311163148046607,3.2311163148046607,2009,2009-07-26,2009-08-13
34,298,58,298,5.137931034482759,0,0,0,0,0,2009,2009-08-02,2009-08-20
35,606,76,606,5.791666666666666,3,0.039473684210526314,6.815600151457781,0.006689839246088458,6.689839246088458,2009,2009-08-09,2009-08-27
36,156,34,156,4.588235294117648,0,0,0,0,0,2009,2009-08-16,2009-09-03
37,259,78,259,3.3205128205128203,0,0,0,0,0,2009,2009-08-23,2009-09-10
38,3279,73,529,4.768115942028986,2,0.0273972602739726,5.745929966273888,0.005540507281592166,5.540507281592166,2009,2009-08-30,2009-09-17
39,180,31,180,5.806451612903227,0,0,0,0,0,2009,2009-09-06,2009-09-24
40,171,47,171,3.638297872340426,0,0,0,0,0,2009,2009-09-13,2009-10-01
41,128,42,128,3.0476190476190474,0,0,0,0,0,2009,2009-09-20,2009-10-08
42,357,65,357,5.492307692307693,1,0.015384615384615385,2.8011204481792715,0.002580695354824747,2.580695354824747,2009,2009-09-27,2009-10-15
43,142,49,142,2.897959183673469,0,0,0,0,0,2009,2009-10-04,2009-10-22
44,116,37,116,3.1351351351351346,0,0,0,0,0,2009,2009-10-11,2009-10-29
45,168,47,168,3.5744680851063833,0,0,0,0,0,2009,2009-10-18,2009-11-05
46,94,32,94,2.9375,0,0,0,0,0,2009,2009-10-25,2009-11-12
47,127,47,127,2.702127659574468,0,0,0,0,0,2009,2009-11-01,2009-11-19
48,47,18,47,2.6111111111111116,0,0,0,0,0,2009,2009-11-08,2009-11-26
49,14,13,14,1.0769230769230769,0,0,0,0,0,2009,2009-11-15,2009-12-03
50,25,14,25,1.7857142857142858,0,0,0,0,0,2009,2009-11-22,2009-12-10
51,48,17,48,2.8235294117647056,0,0,0,0,0,2009,2009-11-29,2009-12-17
52,1,1,1,1,0,0,0,0,0,2009,2009-12-06,2009-12-24
53,2,2,2,1,0,0,0,0,0,2009,2009-12-13,2009-12-31
1,45,20,45,2.25,0,0,0,0,0,2010,2009-12-20,2010-01-01
2,63,24,63,2.625,0,0,0,0,0,2010,2009-12-27,2010-01-08
3,19,7,19,2.7142857142857144,0,0,0,0,0,2010,2010-01-03,2010-01-15
4,16,9,16,1.7777777777777777,0,0,0,0,0,2010,2010-01-10,2010-01-22
5,10,8,10,1.25,0,0,0,0,0,2010,2010-01-17,2010-01-29
6,14,11,14,1.2727272727272727,0,0,0,0,0,2010,2010-01-24,2010-02-05
7,29,21,29,1.380952380952381,0,0,0,0,0,2010,2010-01-31,2010-02-12
8,56,23,56,2.4347826086956523,0,0,0,0,0,2010,2010-02-07,2010-02-19
9,90,33,90,2.7272727272727275,0,0,0,0,0,2010,2010-02-14,2010-02-26
10,47,24,47,1.9583333333333333,0,0,0,0,0,2010,2010-02-21,2010-03-05
11,254,40,254,6.35,0,0,0,0,0,2010,2010-02-28,2010-03-12
12,182,30,182,6.066666666666667,0,0,0,0,0,2010,2010-03-07,2010-03-19
13,413,43,413,9.604651162790697,0,0,0,0,0,2010,2010-03-14,2010-03-26
14,208,33,208,6.303030303030302,0,0,0,0,0,2010,2010-03-21,2010-04-02
15,752,93,752,7.630434782608696,0,0,0,0,0,2010,2010-03-28,2010-04-09
16,371,62,371,5.983870967741935,0,0,0,0,0,2010,2010-04-04,2010-04-16
17,398,73,398,5.452054794520547,0,0,0,0,0,2010,2010-04-11,2010-04-23
18,622,56,622,11.107142857142856,0,0,0,0,0,2010,2010-04-18,2010-04-30
19,1024,85,1024,10.658536585365855,0,0,0,0,0,2010,2010-04-25,2010-05-07
20,921,93,921,9.903225806451612,0,0,0,0,0,2010,2010-05-02,2010-05-14
21,746,88,746,8.477272727272728,3,0.03409090909090909,4.021447721179624,0.003846533950051745,3.846533950051745,2010,2010-05-09,2010-05-21
22,503,58,503,7.947368421052634,4,0.06896551724137931,8.67778031514044,0.008892595393171887,8.892595393171888,2010,2010-05-16,2010-05-28
23,735,91,735,8.076923076923075,7,0.07692307692307693,9.523809523809527,0.008854202804111422,8.854202804111422,2010,2010-05-23,2010-06-04
24,625,66,625,8.846153846153847,13,0.19696969696969696,22.266139657444004,0.02407900892014203,24.07900892014203,2010,2010-05-30,2010-06-11
25,1706,78,956,9.111111111111109,13,0.16666666666666666,18.292682926829272,0.01806695543808734,18.06695543808734,2010,2010-06-06,2010-06-18
26,407,65,407,6.2615384615384615,8,0.12307692307692308,19.656019656019655,0.018587369970430423,18.587369970430423,2010,2010-06-13,2010-06-25
27,320,40,320,5,6,0.15,30,0.0319812149975186,31.981214997518602,2010,2010-06-20,2010-07-02
28,164,35,164,4.685714285714285,4,0.11428571428571428,24.390243902439025,0.023979971134338363,23.979971134338363,2010,2010-06-27,2010-07-09
29,339,54,339,6.277777777777777,8,0.14814814814814814,23.598820058997056,0.022645740000392323,22.645740000392323,2010,2010-07-04,2010-07-16
30,221,57,221,3.8771929824561404,3,0.05263157894736842,13.574660633484163,0.013425863513250591,13.42586351325059,2010,2010-07-11,2010-07-23
31,316,56,316,4,3,0.05357142857142857,13.392857142857142,0.01367064064075596,13.670640640755959,2010,2010-07-18,2010-07-30
32,750,72,700,7.352941176470589,2,0.027777777777777776,3.7777777777777772,0.0035151669051063372,3.5151669051063372,2010,2010-07-25,2010-08-06
33,726,82,726,7.824999999999999,6,0.07317073170731707,9.35089223096704,0.009453272584024175,9.453272584024175,2010,2010-08-01,2010-08-13
34,350,59,350,5.9322033898305095,2,0.03389830508474576,5.7142857142857135,0.005731209608540566,5.731209608540566,2010,2010-08-08,2010-08-20
35,763,87,763,8.770114942528735,5,0.05747126436781609,6.553079947575361,0.006554963147125004,6.554963147125004,2010,2010-08-15,2010-08-27
36,393,62,393,6.338709677419355,3,0.04838709677419355,7.633587786259541,0.007060235905034684,7.060235905034684,2010,2010-08-22,2010-09-03
37,434,72,434,6.027777777777777,1,0.013888888888888888,2.3041474654377883,0.0019960398254954548,1.9960398254954548,2010,2010-08-29,2010-09-10
38,396,49,396,6.297872340425531,3,0.061224489795918366,9.72145615002758,0.008984949293564859,8.98494929356486,2010,2010-09-05,2010-09-17
39,601,79,601,7.6075949367088596,2,0.02531645569620253,3.3277870216306162,0.0032001723244952096,3.2001723244952096,2010,2010-09-12,2010-09-24
40,571,83,571,6.879518072289156,0,0,0,0,0,2010,2010-09-19,2010-10-01
41,341,62,341,5.5,2,0.03225806451612903,5.865102639296188,0.005450064684964118,5.450064684964118,2010,2010-09-26,2010-10-08
42,362,77,362,4.701298701298701,0,0,0,0,0,2010,2010-10-03,2010-10-15
43,250,52,250,4.807692307692308,0,0,0,0,0,2010,2010-10-10,2010-10-22
44,671,97,671,6.917525773195877,0,0,0,0,0,2010,2010-10-17,2010-10-29
45,597,105,597,5.685714285714286,0,0,0,0,0,2010,2010-10-24,2010-11-05
46,237,52,237,4.5576923076923075,0,0,0,0,0,2010,2010-10-31,2010-11-12
47,148,21,148,7.0476190476190474,0,0,0,0,0,2010,2010-11-07,2010-11-19
48,72,12,72,6,0,0,0,0,0,2010,2010-11-14,2010-11-26
49,61,21,61,2.9047619047619047,0,0,0,0,0,2010,2010-11-21,2010-12-03
50,242,64,242,3.78125,0,0,0,0,0,2010,2010-11-28,2010-12-10
51,88,27,88,3.259259259259259,0,0,0,0,0,2010,2010-12-05,2010-12-17
52,15,12,15,1.25,0,0,0,0,0,2010,2010-12-12,2010-12-24
1,6,6,6,1,0,0,0,0,0,2011,2010-12-19,2011-01-01
2,39,22,39,1.7727272727272727,0,0,0,0,0,2011,2010-12-26,2011-01-08
3,40,14,40,2.857142857142857,0,0,0,0,0,2011,2011-01-02,2011-01-15
4,43,26,43,1.6538461538461542,0,0,0,0,0,2011,2011-01-09,2011-01-22
6,41,29,41,1.4137931034482758,0,0,0,0,0,2011,2011-01-16,2011-01-29
7,109,47,109,2.319148936170213,0,0,0,0,0,2011,2011-01-23,2011-02-05
8,33,18,33,1.8333333333333335,0,0,0,0,0,2011,2011-01-30,2011-02-12
9,92,41,92,2.2439024390243905,0,0,0,0,0,2011,2011-02-06,2011-02-19
10,149,63,149,2.3650793650793647,0,0,0,0,0,2011,2011-02-13,2011-02-26
11,390,97,390,4.020618556701031,0,0,0,0,0,2011,2011-02-20,2011-03-05
12,112,38,112,2.9473684210526314,0,0,0,0,0,2011,2011-02-27,2011-03-12
13,398,72,398,5.527777777777777,0,0,0,0,0,2011,2011-03-06,2011-03-19
14,138,19,138,7.2631578947368425,0,0,0,0,0,2011,2011-03-13,2011-03-26
15,149,54,149,2.759259259259259,0,0,0,0,0,2011,2011-03-20,2011-04-02
16,395,84,395,4.702380952380954,0,0,0,0,0,2011,2011-03-27,2011-04-09
17,611,111,611,5.504504504504503,0,0,0,0,0,2011,2011-04-03,2011-04-16
18,563,101,563,5.254999999999999,0,0,0,0,0,2011,2011-04-10,2011-04-23
19,662,99,662,5.793814432989691,0,0,0,0,0,2011,2011-04-17,2011-04-30
20,259,67,259,3.865671641791044,0,0,0,0,0,2011,2011-04-24,2011-05-07
21,410,46,410,6.046511627906976,0,0,0,0,0,2011,2011-05-01,2011-05-14
22,501,59,501,7.035087719298245,2,0.03389830508474576,4.818462318779324,0.004301493967867498,4.301493967867498,2011,2011-05-08,2011-05-21
23,409,81,409,4.4875,1,0.012345679012345678,2.751126242305444,0.002481420174103466,2.481420174103466,2011,2011-05-15,2011-05-28
24,1073,108,923,6.230392156862744,2,0.018518518518518517,2.9722877873940035,0.0026667426237129144,2.6667426237129144,2011,2011-05-22,2011-06-04
25,522,104,522,4.069306930693069,3,0.028846153846153848,7.0887142055025265,0.005836974742284173,5.836974742284173,2011,2011-05-29,2011-06-11
26,1628,114,928,5.122641509433962,8,0.07017543859649122,13.699072727860164,0.012053328639753946,12.053328639753946,2011,2011-06-05,2011-06-18
27,449,62,449,6.745901639344261,8,0.12903225806451613,19.12750362560264,0.019542287361221655,19.542287361221653,2011,2011-06-12,2011-06-25
28,504,89,504,5.301136363636366,0,0,0,0,0,2011,2011-06-19,2011-07-02
29,1777,118,1427,6.572815533980582,8,0.06779661016949153,10.314698445284533,0.009979055295840311,9.979055295840311,2011,2011-06-26,2011-07-09
30,1271,125,1221,6.313043478260868,7,0.056,8.870523415977964,0.008198934288636939,8.198934288636938,2011,2011-07-03,2011-07-16
31,523,112,523,4.669642857142857,5,0.044642857142857144,9.560229445506694,0.009092419040365951,9.09241904036595,2011,2011-07-10,2011-07-23
32,1639,110,689,4.613207547169812,5,0.045454545454545456,9.853132552519055,0.009260854810929642,9.260854810929642,2011,2011-07-17,2011-07-30
33,1334,126,1334,7.125362318840576,10,0.07936507936507936,11.138392100458617,0.010283226819283509,10.28322681928351,2011,2011-07-24,2011-08-06
34,1045,131,1045,5.5149051490514935,3,0.022900763358778626,4.152521709773616,0.00385373178968218,3.85373178968218,2011,2011-07-31,2011-08-13
35,751,115,751,6.149122807017544,4,0.034782608695652174,5.656515536810767,0.0050446509430609465,5.0446509430609465,2011,2011-08-07,2011-08-20
36,945,66,595,5.194444444444445,1,0.015151515151515152,2.916869227029655,0.002541343992341849,2.541343992341849,2011,2011-08-14,2011-08-27
37,228,58,228,3.9310344827586214,2,0.034482758620689655,8.7719298245614,0.008734460963645274,8.734460963645274,2011,2011-08-21,2011-09-03
38,535,95,535,5.159574468085106,0,0,0,0,0,2011,2011-08-28,2011-09-10
39,752,141,752,5.333333333333334,1,0.0070921985815602835,1.329787234042553,0.0011855413181118823,1.1855413181118823,2011,2011-09-04,2011-09-17
40,183,59,183,3.101694915254237,0,0,0,0,0,2011,2011-09-11,2011-09-24
41,255,51,255,5,0,0,0,0,0,2011,2011-09-18,2011-10-01
42,555,96,555,5.0177304964539005,0,0,0,0,0,2011,2011-09-25,2011-10-08
43,322,96,322,3.354166666666666,0,0,0,0,0,2011,2011-10-02,2011-10-15
44,286,64,286,4.46875,0,0,0,0,0,2011,2011-10-09,2011-10-22
45,99,38,99,2.605263157894737,0,0,0,0,0,2011,2011-10-16,2011-10-29
46,142,48,142,2.9583333333333335,0,0,0,0,0,2011,2011-10-23,2011-11-05
47,25,12,25,2.0833333333333335,0,0,0,0,0,2011,2011-10-30,2011-11-12
48,86,36,86,2.388888888888889,0,0,0,0,0,2011,2011-11-06,2011-11-19
49,22,15,22,1.4666666666666666,0,0,0,0,0,2011,2011-11-13,2011-11-26
50,35,14,35,2.5,0,0,0,0,0,2011,2011-11-20,2011-12-03
51,67,30,67,2.2333333333333334,0,0,0,0,0,2011,2011-11-27,2011-12-10
52,3,3,3,1,0,0,0,0,0,2011,2011-12-04,2011-12-17
1,96,34,96,2.8235294117647056,0,0,0,0,0,2012,2011-12-11,2012-01-01
2,75,32,75,2.34375,0,0,0,0,0,2012,2011-12-18,2012-01-08
3,56,23,56,2.4347826086956523,0,0,0,0,0,2012,2011-12-25,2012-01-15
4,66,40,66,1.65,0,0,0,0,0,2012,2012-01-01,2012-01-22
5,109,49,109,2.224489795918367,0,0,0,0,0,2012,2012-01-08,2012-01-29
6,171,60,171,2.85,0,0,0,0,0,2012,2012-01-15,2012-02-05
7,90,49,90,1.836734693877551,0,0,0,0,0,2012,2012-01-22,2012-02-12
8,92,31,92,2.9677419354838706,0,0,0,0,0,2012,2012-01-29,2012-02-19
9,88,37,88,2.378378378378378,0,0,0,0,0,2012,2012-02-05,2012-02-26
10,77,33,77,2.333333333333333,0,0,0,0,0,2012,2012-02-12,2012-03-04
11,196,77,196,2.545454545454546,1,0.012987012987012988,5.1020408163265305,0.0043478810006524204,4.3478810006524204,2012,2012-02-19,2012-03-11
12,115,41,115,2.8048780487804876,0,0,0,0,0,2012,2012-02-26,2012-03-18
13,288,89,288,3.2359550561797747,0,0,0,0,0,2012,2012-03-04,2012-03-25
14,248,67,248,3.701492537313433,0,0,0,0,0,2012,2012-03-11,2012-04-01
15,257,61,257,4.21311475409836,0,0,0,0,0,2012,2012-03-18,2012-04-08
16,396,65,396,6.092307692307693,0,0,0,0,0,2012,2012-03-25,2012-04-15
17,456,90,456,5.066666666666668,0,0,0,0,0,2012,2012-04-01,2012-04-22
18,414,96,414,4.3125,0,0,0,0,0,2012,2012-04-08,2012-04-29
19,467,110,467,4.245454545454545,0,0,0,0,0,2012,2012-04-15,2012-05-06
20,794,149,794,5.328859060402686,0,0,0,0,0,2012,2012-04-22,2012-05-13
21,711,113,711,5.372727272727272,2,0.017699115044247787,3.2942515310782685,0.002971844867189044,2.971844867189044,2012,2012-04-29,2012-05-20
22,461,71,461,6.15,2,0.028169014084507043,4.580327493415779,0.0040735906770030805,4.0735906770030805,2012,2012-05-06,2012-05-27
23,165,44,165,3.75,0,0,0,0,0,2012,2012-05-13,2012-06-03
24,308,67,308,4.597014925373134,3,0.04477611940298507,9.74025974025974,0.009120064817295992,9.120064817295992,2012,2012-05-20,2012-06-10
25,704,94,604,4.48888888888889,6,0.06382978723404255,14.219507057088684,0.013104965825710746,13.104965825710746,2012,2012-05-27,2012-06-17
26,375,81,375,4.21875,1,0.012345679012345678,2.9263831732967533,0.002481420174103466,2.481420174103466,2012,2012-06-03,2012-06-24
27,30,12,30,2.5,0,0,0,0,0,2012,2012-06-10,2012-07-01
28,116,31,116,3.7419354838709675,0,0,0,0,0,2012,2012-06-17,2012-07-08
29,290,70,290,4.142857142857143,5,0.07142857142857142,17.241379310344826,0.014712295262298669,14.71229526229867,2012,2012-06-24,2012-07-15
30,295,57,295,5.175438596491229,5,0.08771929824561403,16.94915254237288,0.015184788757211298,15.184788757211297,2012,2012-07-01,2012-07-22
31,212,50,212,4.239999999999999,2,0.04,9.433962264150946,0.008131160717433694,8.131160717433694,2012,2012-07-08,2012-07-29
32,524,76,524,6.8947368421052655,7,0.09210526315789473,13.358778625954193,0.013708997626363795,13.708997626363795,2012,2012-07-15,2012-08-05
33,477,72,477,5.385714285714286,4,0.05555555555555555,10.315355142941348,0.009481169884242191,9.481169884242192,2012,2012-07-22,2012-08-12
34,489,69,489,6.595588235294119,2,0.028985507246376812,4.394681143263373,0.004193167620332505,4.193167620332505,2012,2012-07-29,2012-08-19
35,308,87,308,3.5402298850574714,2,0.022988505747126436,6.493506493506493,0.0057973457006856854,5.7973457006856854,2012,2012-08-05,2012-08-26
36,447,98,447,4.561224489795919,1,0.01020408163265306,2.237136465324385,0.00204919755537436,2.04919755537436,2012,2012-08-12,2012-09-02
37,747,102,747,6.9009900990099,7,0.06862745098039216,9.944580414662282,0.010105156557966843,10.105156557966843,2012,2012-08-19,2012-09-09
38,1486,156,1436,8.13157894736842,11,0.07051282051282051,8.671479545265955,0.00809177995367616,8.09177995367616,2012,2012-08-26,2012-09-16
39,1327,152,1327,8.29111111111111,7,0.046052631578947366,5.554458378591883,0.005224833761133585,5.224833761133585,2012,2012-09-02,2012-09-23
40,82,3,81,27,0,0,0,0,0,2012,2012-09-09,2012-09-30
41,2052,232,1984,7.5269058295964095,11,0.047413793103448273,6.299240906803079,0.006053437437898879,6.053437437898879,2012,2012-09-16,2012-10-07
42,838,109,777,5.915094339622643,2,0.01834862385321101,3.1020002048490696,0.00308174959234897,3.08174959234897,2012,2012-09-23,2012-10-14
43,552,110,582,4.8348623853211,1,0.00909090909090909,1.880282904950837,0.0018248296826298693,1.8248296826298693,2012,2012-09-30,2012-10-21
44,805,121,804,5.23931623931624,1,0.008264462809917356,1.5773933911261508,0.0013821777137418279,1.3821777137418279,2012,2012-10-07,2012-10-28
45,694,99,1294,12.098958333333337,0,0,0,0,0,2012,2012-10-14,2012-11-04
46,190,53,190,3.6346153846153846,0,0,0,0,0,2012,2012-10-21,2012-11-11
47,289,41,289,7.048780487804879,0,0,0,0,0,2012,2012-10-28,2012-11-18
48,309,72,309,4.291666666666666,0,0,0,0,0,2012,2012-11-04,2012-11-25
49,623,88,473,4.33720930232558,0,0,0,0,0,2012,2012-11-11,2012-12-02
50,79,36,79,2.1944444444444446,0,0,0,0,0,2012,2012-11-18,2012-12-09
51,159,34,157,3.242424242424242,0,0,0,0,0,2012,2012-11-25,2012-12-16
52,4,4,4,1,0,0,0,0,0,2012,2012-12-02,2012-12-23
53,4,1,4,4,0,0,0,0,0,2012,2012-12-09,2012-12-30
1,2,2,2,1,0,0,0,0,0,2013,2012-12-16,2013-01-01
2,36,22,36,1.6363636363636362,0,0,0,0,0,2013,2012-12-23,2013-01-08
3,5,5,5,1,0,0,0,0,0,2013,2012-12-30,2013-01-15
4,111,39,109,2.7948717948717943,0,0,0,0,0,2013,2013-01-06,2013-01-22
5,29,12,28,2.333333333333333,0,0,0,0,0,2013,2013-01-13,2013-01-29
6,297,60,297,3.6839080459770104,0,0,0,0,0,2013,2013-01-20,2013-02-05
7,66,15,66,4.400000000000001,0,0,0,0,0,2013,2013-01-27,2013-02-12
8,14,10,14,1.4,0,0,0,0,0,2013,2013-02-03,2013-02-19
9,54,23,52,2.2608695652173916,0,0,0,0,0,2013,2013-02-10,2013-02-26
10,254,61,254,2.9913793103448283,0,0,0,0,0,2013,2013-02-17,2013-03-05
11,327,78,327,3.638157894736842,0,0,0,0,0,2013,2013-02-24,2013-03-12
12,571,113,567,5.085585585585586,1,0.008849557522123894,1.7401255712236527,0.0014803943697990762,1.4803943697990762,2013,2013-03-03,2013-03-19
13,586,81,549,6.777777777777777,0,0,0,0,0,2013,2013-03-10,2013-03-26
14,636,120,641,5.139830508474578,0,0,0,0,0,2013,2013-03-17,2013-04-02
15,512,124,512,3.9098360655737703,0,0,0,0,0,2013,2013-03-24,2013-04-09
16,448,103,450,4.064356435643565,0,0,0,0,0,2013,2013-03-31,2013-04-16
17,764,144,697,4.91843971631206,0,0,0,0,0,2013,2013-04-07,2013-04-23
18,845,125,637,5.162601626016261,0,0,0,0,0,2013,2013-04-14,2013-04-30
19,995,158,834,5.320512820512821,0,0,0,0,0,2013,2013-04-21,2013-05-07
20,895,147,896,6.153846153846153,1,0.006802721088435374,1.1054421768707483,9.746625747744098e-4,0.9746625747744098,2013,2013-04-28,2013-05-14
21,600,130,569,4.389763779527559,0,0,0,0,0,2013,2013-05-05,2013-05-21
22,516,96,533,4.951851851851852,1,0.010416666666666666,2.1035901271503366,0.002092068541117431,2.092068541117431,2013,2013-05-12,2013-05-28
23,805,125,747,5.081967213114754,3,0.024,4.72258064516129,0.00404059682712965,4.04059682712965,2013,2013-05-19,2013-06-04
24,634,91,634,6.085227272727273,4,0.04395604395604396,7.2234021813853735,0.006401052256165607,6.401052256165607,2013,2013-05-26,2013-06-11
25,477,89,474,4.551724137931035,4,0.0449438202247191,9.874021109976164,0.00915485939337668,9.154859393376679,2013,2013-06-02,2013-06-18
26,476,94,476,4.747311827956987,3,0.031914893617021274,6.722729572781381,0.006466059632593502,6.466059632593502,2013,2013-06-09,2013-06-25
27,154,37,153,4.23611111111111,0,0,0,0,0,2013,2013-06-16,2013-07-02
28,150,62,150,2.4193548387096775,4,0.06451612903225806,26.666666666666664,0.021985182423839844,21.985182423839845,2013,2013-06-23,2013-07-09
29,218,64,214,3.34375,3,0.046875,14.018691588785046,0.011930564439759705,11.930564439759706,2013,2013-06-30,2013-07-16
30,294,71,294,4.140845070422535,2,0.028169014084507043,6.802721088435375,0.005698376796668736,5.698376796668736,2013,2013-07-07,2013-07-23
31,531,129,531,4.11627906976744,5,0.03875968992248062,9.416195856873825,0.007874996210310292,7.874996210310292,2013,2013-07-14,2013-07-30
32,564,132,564,4.072519083969465,4,0.030303030303030304,7.4408565505097854,0.0061354326241468415,6.1354326241468415,2013,2013-07-21,2013-08-06
33,766,133,752,4.559055118110235,2,0.015037593984962405,3.29840144402457,0.003025774094713052,3.025774094713052,2013,2013-07-28,2013-08-13
34,458,98,458,4.695876288659793,2,0.02040816326530612,4.345975492282534,0.004115366016935851,4.115366016935851,2013,2013-08-04,2013-08-20
35,496,92,493,4.366666666666667,5,0.05434782608695652,12.44606704281447,0.01111387117601692,11.113871176016922,2013,2013-08-11,2013-08-27
36,469,90,471,5.286516853932586,2,0.022222222222222223,4.203565946392725,0.003738470429299534,3.738470429299534,2013,2013-08-18,2013-09-03
37,877,154,876,4.803131991051453,3,0.01948051948051948,4.05579515966102,0.003926822907248773,3.9268229072487726,2013,2013-08-25,2013-09-10
38,2684,148,1445,6.857843137254905,3,0.02027027027027027,2.9557792245426255,0.0029212293593996463,2.9212293593996463,2013,2013-09-01,2013-09-17
39,3216,234,1894,6.922672672672672,3,0.01282051282051282,1.851959990990465,0.0018416456337089215,1.8416456337089215,2013,2013-09-08,2013-09-24
40,1970,237,1540,5.901746724890831,7,0.029535864978902954,5.004597173635793,0.004984342104186523,4.984342104186523,2013,2013-09-15,2013-10-01
41,887,115,722,4.900934579439253,1,0.008695652173913044,1.774284482472722,0.0017452113382877554,1.7452113382877554,2013,2013-09-22,2013-10-08
42,1649,138,997,4.838842975206613,2,0.014492753623188406,2.995086572853624,0.002915501530804443,2.915501530804443,2013,2013-09-29,2013-10-15
43,1202,158,1023,4.486971830985915,0,0,0,0,0,2013,2013-10-06,2013-10-22
44,1363,112,487,3.4439252336448583,0,0,0,0,0,2013,2013-10-13,2013-10-29
45,1011,98,486,3.9569892473118298,0,0,0,0,0,2013,2013-10-20,2013-11-05
46,356,83,356,3.5124999999999997,0,0,0,0,0,2013,2013-10-27,2013-11-12
47,1275,83,628,5.623873873873873,0,0,0,0,0,2013,2013-11-03,2013-11-19
48,118,15,118,6.1923076923076925,0,0,0,0,0,2013,2013-11-10,2013-11-26
49,240,48,240,3.345454545454546,0,0,0,0,0,2013,2013-11-17,2013-12-03
50,52,22,52,2.3636363636363638,0,0,0,0,0,2013,2013-11-24,2013-12-10
51,247,55,247,4.490909090909091,0,0,0,0,0,2013,2013-12-01,2013-12-17
1,14,6,14,2.333333333333333,0,0,0,0,0,2014,2013-12-08,2014-01-01
2,108,36,105,2.3285714285714283,0,0,0,0,0,2014,2013-12-15,2014-01-08
3,77,31,77,2.4838709677419355,0,0,0,0,0,2014,2013-12-22,2014-01-15
4,357,60,256,2.7857142857142865,0,0,0,0,0,2014,2013-12-29,2014-01-22
5,193,48,192,3.217391304347826,0,0,0,0,0,2014,2014-01-05,2014-01-29
6,280,62,255,2.6724137931034484,0,0,0,0,0,2014,2014-01-12,2014-02-05
7,358,72,307,3.044117647058824,0,0,0,0,0,2014,2014-01-19,2014-02-12
8,461,110,460,3.8950617283950613,0,0,0,0,0,2014,2014-01-26,2014-02-19
9,476,111,476,3.7129629629629637,0,0,0,0,0,2014,2014-02-02,2014-02-26
10,1036,140,611,3.6851851851851856,0,0,0,0,0,2014,2014-02-09,2014-03-05
11,1088,154,888,4.928082191780821,0,0,0,0,0,2014,2014-02-16,2014-03-12
12,1104,170,1031,5.104554865424429,0,0,0,0,0,2014,2014-02-23,2014-03-19
13,1993,221,1313,4.695652173913045,0,0,0,0,0,2014,2014-03-02,2014-03-26
14,1993,185,1193,5.023668639053254,0,0,0,0,0,2014,2014-03-09,2014-04-02
15,2327,213,1349,5.627450980392158,0,0,0,0,0,2014,2014-03-16,2014-04-09
16,2056,174,1061,5.012269938650308,0,0,0,0,0,2014,2014-03-23,2014-04-16
17,1148,165,1023,4.844298245614035,0,0,0,0,0,2014,2014-03-30,2014-04-23
18,764,128,757,5.041322314049586,0,0,0,0,0,2014,2014-04-06,2014-04-30
19,988,123,563,3.599137931034482,0,0,0,0,0,2014,2014-04-13,2014-05-07
20,794,155,794,4.314189189189189,0,0,0,0,0,2014,2014-04-20,2014-05-14
21,902,102,552,4.06842105263158,0,0,0,0,0,2014,2014-04-27,2014-05-21
22,972,156,959,5.297297297297297,3,0.019230769230769232,3.6302982731554163,0.0032311163148046607,3.2311163148046607,2014,2014-05-04,2014-05-28
23,889,141,664,3.8059701492537314,2,0.014184397163120567,3.7268808232512862,0.0035651191298522455,3.5651191298522455,2014,2014-05-11,2014-06-04
24,774,112,449,3.231481481481482,1,0.008928571428571428,2.762996316004912,0.0022396557157785546,2.2396557157785546,2014,2014-05-18,2014-06-11
25,650,94,547,4.568181818181817,4,0.0425531914893617,9.315126495183659,0.008659312688623744,8.659312688623743,2014,2014-05-25,2014-06-18
26,643,112,627,4.371428571428572,9,0.08035714285714286,18.38235294117647,0.01661440926992075,16.61440926992075,2014,2014-06-01,2014-06-25
27,305,65,305,3.3606557377049184,1,0.015384615384615385,4.577861163227016,0.0038685444612907016,3.8685444612907016,2014,2014-06-08,2014-07-02
28,287,91,283,2.5511363636363638,3,0.03296703296703297,12.92248953718887,0.011112030857867938,11.11203085786794,2014,2014-06-15,2014-07-09
29,674,143,671,3.9355231143552314,7,0.04895104895104895,12.43825726051383,0.012469045264900225,12.469045264900224,2014,2014-06-22,2014-07-16
30,923,159,919,5.209956709956709,18,0.11320754716981132,21.72907635747937,0.01982490212241461,19.824902122414613,2014,2014-06-29,2014-07-23
31,773,164,734,3.975890985324948,6,0.036585365853658534,9.201803064695556,0.009274572066461984,9.274572066461984,2014,2014-07-06,2014-07-30
32,990,190,990,4.351381215469612,7,0.03684210526315789,8.46676111304162,0.007479472349917415,7.479472349917415,2014,2014-07-13,2014-08-06
33,615,137,607,3.660305343511451,6,0.043795620437956206,11.965018305260193,0.011133459805424906,11.133459805424906,2014,2014-07-20,2014-08-13
34,697,152,692,4.288590604026844,7,0.046052631578947366,10.738407050490078,0.009385038713702554,9.385038713702553,2014,2014-07-27,2014-08-20
35,2391,221,1791,6.707920792079209,26,0.11764705882352941,17.53852832645973,0.01772154228264633,17.72154228264633,2014,2014-08-03,2014-08-27
36,1305,208,1303,5.846534653465349,28,0.1346153846153846,23.024815996873567,0.023808859891863654,23.808859891863655,2014,2014-08-10,2014-09-03
37,1308,244,1287,4.661016949152544,6,0.02459016393442623,5.275707898658716,0.004967133115478917,4.967133115478917,2014,2014-08-17,2014-09-10
38,1331,190,1327,5.734195402298853,2,0.010526315789473684,1.8357092932782964,0.0017621305101754858,1.7621305101754858,2014,2014-08-24,2014-09-17
39,3774,346,3763,9.636827956989247,9,0.02601156069364162,2.699182844161534,0.002632114367038696,2.632114367038696,2014,2014-08-31,2014-09-24
40,3344,267,2284,7.564257028112449,5,0.018726591760299626,2.475668355887766,0.0023602295975471144,2.3602295975471144,2014,2014-09-07,2014-10-01
41,2459,250,2007,6.467180616740092,2,0.008,1.2370150880419597,0.0011467950270278582,1.1467950270278582,2014,2014-09-14,2014-10-08
42,2858,288,2847,8.93922305764411,6,0.020833333333333332,2.3305530244620454,0.002336533734221047,2.336533734221047,2014,2014-09-21,2014-10-15
43,4087,334,2983,7.87391774891775,11,0.03293413173652695,4.182686787787905,0.004177334283684164,4.177334283684164,2014,2014-09-28,2014-10-22
44,1444,171,1364,7.3282208588957065,1,0.005847953216374269,0.7980044991787405,7.32871250134548e-4,0.732871250134548,2014,2014-10-05,2014-10-29
45,1609,198,1486,5.948324022346368,0,0,0,0,0,2014,2014-10-12,2014-11-05
46,667,153,667,4.16887417218543,0,0,0,0,0,2014,2014-10-19,2014-11-12
47,364,112,364,3.25,1,0.008928571428571428,2.7472527472527473,0.0022396557157785546,2.2396557157785546,2014,2014-10-26,2014-11-19
48,235,39,235,5.578947368421053,0,0,0,0,0,2014,2014-11-02,2014-11-26
49,295,90,295,3.1404494382022476,0,0,0,0,0,2014,2014-11-09,2014-12-03
50,294,93,293,3.0217391304347827,0,0,0,0,0,2014,2014-11-16,2014-12-10
51,132,38,132,3.4736842105263164,0,0,0,0,0,2014,2014-11-23,2014-12-17
1,73,32,73,2.28125,0,0,0,0,0,2015,2014-11-30,2015-01-01
2,187,69,187,2.710144927536232,0,0,0,0,0,2015,2014-12-07,2015-01-08
3,119,44,119,2.7045454545454546,0,0,0,0,0,2015,2014-12-14,2015-01-15
4,171,67,171,2.5522388059701497,0,0,0,0,0,2015,2014-12-21,2015-01-22
5,195,75,195,2.6,0,0,0,0,0,2015,2014-12-28,2015-01-29
6,417,116,417,3.5948275862068964,0,0,0,0,0,2015,2015-01-04,2015-02-05
7,483,110,481,4.372727272727272,0,0,0,0,0,2015,2015-01-11,2015-02-12
8,428,134,428,3.128787878787879,0,0,0,0,0,2015,2015-01-18,2015-02-19
9,255,85,255,3,0,0,0,0,0,2015,2015-01-25,2015-02-26
10,660,135,660,4.454198473282442,0,0,0,0,0,2015,2015-02-01,2015-03-05
11,1217,223,1217,5.207762557077624,0,0,0,0,0,2015,2015-02-08,2015-03-12
12,1120,231,1121,4.569141193595342,0,0,0,0,0,2015,2015-02-15,2015-03-19
13,960,165,951,5.763636363636363,0,0,0,0,0,2015,2015-02-22,2015-03-26
14,984,216,968,4.481481481481482,0,0,0,0,0,2015,2015-03-01,2015-04-02
15,929,205,929,4.53170731707317,0,0,0,0,0,2015,2015-03-08,2015-04-09
16,627,188,627,3.335106382978724,0,0,0,0,0,2015,2015-03-15,2015-04-16
17,1036,184,1029,5.25824175824176,1,0.005434782608695652,1.0335741220298937,9.078551112210453e-4,0.9078551112210453,2015,2015-03-22,2015-04-23
18,822,118,821,4.950450450450453,1,0.00847457627118644,1.711879829120463,0.001700690118386139,1.700690118386139,2015,2015-03-29,2015-04-30
19,932,217,930,3.892523364485981,5,0.02304147465437788,5.919418458627692,0.005810821207161476,5.810821207161476,2015,2015-04-05,2015-05-07
20,948,235,948,3.7618025751072963,2,0.00851063829787234,2.262383027272396,0.00213448388709947,2.13448388709947,2015,2015-04-12,2015-05-14
21,780,169,780,4.036144578313253,2,0.011834319526627219,2.932085136447938,0.0023781482155083022,2.3781482155083022,2015,2015-04-19,2015-05-21
22,1023,249,1025,4.012096774193547,4,0.01606425702811245,4.003955520574762,0.0032336974854998424,3.2336974854998424,2015,2015-04-26,2015-05-28
23,625,160,622,3.8874999999999993,4,0.025,6.430868167202574,0.00630946320970982,6.30946320970982,2015,2015-05-03,2015-06-04
24,1538,263,1538,5.459615384615386,15,0.057034220532319393,10.446563817120845,0.009739805510621258,9.739805510621258,2015,2015-05-10,2015-06-11
25,1510,239,1507,5.617021276595741,12,0.0502092050209205,8.938759984785094,0.008548838156437255,8.548838156437256,2015,2015-05-17,2015-06-18
26,531,111,529,4.194444444444446,4,0.036036036036036036,8.591372829783422,0.007313399357911865,7.313399357911865,2015,2015-05-24,2015-06-25
27,549,94,549,4.038888888888888,2,0.02127659574468085,5.267932921654132,0.004292003955326806,4.292003955326806,2015,2015-05-31,2015-07-02
28,377,139,377,2.7122302158273373,1,0.007194244604316547,2.652519893899205,0.0024038554254356415,2.4038554254356415,2015,2015-06-07,2015-07-09
29,445,140,442,3.157142857142857,4,0.02857142857142857,9.049773755656108,0.007220688869292391,7.220688869292391,2015,2015-06-14,2015-07-16
30,440,141,433,3.0709219858156036,2,0.014184397163120567,4.6189376443418,0.0035651191298522455,3.5651191298522455,2015,2015-06-21,2015-07-23
31,514,111,514,4.309090909090908,2,0.018018018018018018,4.181396586459879,0.003629859889499154,3.629859889499154,2015,2015-06-28,2015-07-30
32,473,145,473,3.2620689655172406,2,0.013793103448275862,4.228329809725159,0.0034662566540977213,3.4662566540977213,2015,2015-07-05,2015-08-06
33,695,177,633,3.5762711864406778,2,0.011299435028248588,3.1595576619273307,0.002836908012290973,2.836908012290973,2015,2015-07-12,2015-08-13
34,432,78,432,3.8666666666666667,0,0,0,0,0,2015,2015-07-19,2015-08-20
35,241,78,241,3.0897435897435894,0,0,0,0,0,2015,2015-07-26,2015-08-27
36,358,109,358,3.2844036697247714,1,0.009174311926605505,2.7932960893854744,0.002301511228569697,2.301511228569697,2015,2015-08-02,2015-09-03
37,546,171,546,3.192982456140351,1,0.005847953216374269,1.8315018315018312,0.001465205399999725,1.465205399999725,2015,2015-08-09,2015-09-10
38,937,200,937,3.9949238578680215,0,0,0,0,0,2015,2015-08-16,2015-09-17
39,1608,270,1601,5.535714285714286,5,0.018518518518518517,3.3452807646356035,0.003110507817467023,3.110507817467023,2015,2015-08-23,2015-09-24
40,1843,284,1843,5.317028985507244,1,0.0035211267605633804,0.6622357655301488,5.877173128101543e-4,0.5877173128101543,2015,2015-08-30,2015-10-01
41,1332,258,1332,5.162790697674419,1,0.003875968992248062,0.7507507507507507,6.470405833005621e-4,0.6470405833005621,2015,2015-09-06,2015-10-08
42,1348,257,1349,4.545454545454546,0,0,0,0,0,2015,2015-09-13,2015-10-15
43,1405,249,1405,4.748971193415636,0,0,0,0,0,2015,2015-09-20,2015-10-22
44,1292,229,1042,3.6361607142857144,0,0,0,0,0,2015,2015-09-27,2015-10-29
45,669,139,669,3.8161764705882364,0,0,0,0,0,2015,2015-10-04,2015-11-05
46,367,116,367,3.1637931034482745,0,0,0,0,0,2015,2015-10-11,2015-11-12
47,455,177,455,2.5706214689265536,0,0,0,0,0,2015,2015-10-18,2015-11-19
48,17,13,17,1.3076923076923077,0,0,0,0,0,2015,2015-10-25,2015-11-26
49,115,42,115,2.7380952380952386,0,0,0,0,0,2015,2015-11-01,2015-12-03
50,78,43,78,1.8139534883720931,0,0,0,0,0,2015,2015-11-08,2015-12-10
51,5,4,5,1.25,0,0,0,0,0,2015,2015-11-15,2015-12-17
1,12,8,12,1.5,0,0,0,0,0,2016,2015-11-22,2016-01-01
2,24,19,24,1.263157894736842,0,0,0,0,0,2016,2015-11-29,2016-01-08
3,40,21,40,1.9047619047619047,0,0,0,0,0,2016,2015-12-06,2016-01-15
4,31,24,31,1.2916666666666665,0,0,0,0,0,2016,2015-12-13,2016-01-22
5,10,9,10,1.1111111111111112,0,0,0,0,0,2016,2015-12-20,2016-01-29
6,87,51,87,1.7058823529411766,0,0,0,0,0,2016,2015-12-27,2016-02-05
7,141,67,141,2.1044776119402986,0,0,0,0,0,2016,2016-01-03,2016-02-12
8,170,94,170,1.8085106382978726,0,0,0,0,0,2016,2016-01-10,2016-02-19
9,422,126,422,3.3492063492063497,0,0,0,0,0,2016,2016-01-17,2016-02-26
10,353,136,353,2.595588235294118,0,0,0,0,0,2016,2016-01-24,2016-03-04
11,816,213,816,3.830985915492957,0,0,0,0,0,2016,2016-01-31,2016-03-11
12,599,195,599,3.0717948717948707,0,0,0,0,0,2016,2016-02-07,2016-03-18
13,418,137,418,2.74264705882353,0,0,0,0,0,2016,2016-02-14,2016-03-25
14,961,236,961,3.9234042553191486,0,0,0,0,0,2016,2016-02-21,2016-04-01
15,451,157,451,2.8726114649681533,0,0,0,0,0,2016,2016-02-28,2016-04-08
16,682,229,682,2.9846491228070176,0,0,0,0,0,2016,2016-03-06,2016-04-15
17,718,187,718,3.8395721925133675,0,0,0,0,0,2016,2016-03-13,2016-04-22
18,932,222,932,3.8840909090909097,0,0,0,0,0,2016,2016-03-20,2016-04-29
19,872,211,872,4.014354066985646,0,0,0,0,0,2016,2016-03-27,2016-05-06
20,747,173,746,3.638235294117647,1,0.005780346820809248,1.588777622534474,0.0014482297228245455,1.4482297228245455,2016,2016-04-03,2016-05-13
21,1396,194,1071,3.9411764705882364,1,0.005154639175257732,1.3078935220803198,0.0012911582765753327,1.2911582765753327,2016,2016-04-10,2016-05-20
22,1192,160,792,3.6193548387096777,3,0.01875,5.180481283422459,0.004720824186526307,4.720824186526307,2016,2016-04-17,2016-05-27
23,1756,185,1056,4.421787709497206,2,0.010810810810810811,2.444895938262963,0.0021715731632921953,2.1715731632921953,2016,2016-04-24,2016-06-03
24,2096,129,945,4.731404958677686,3,0.023255813953488372,4.915202599776581,0.004695043146742406,4.695043146742406,2016,2016-05-01,2016-06-10
25,794,142,594,4.183098591549294,6,0.04225352112676056,10.101010101010104,0.00859726470119937,8.59726470119937,2016,2016-05-08,2016-06-17
26,993,124,693,4.1083333333333325,6,0.04838709677419355,11.777792318262122,0.009870353362354867,9.870353362354866,2016,2016-05-15,2016-06-24
27,411,96,411,3.3225806451612905,1,0.010416666666666666,3.1351132686084138,0.0026144014510852687,2.6144014510852687,2016,2016-05-22,2016-07-01
28,941,181,935,4.706703910614528,7,0.03867403314917127,8.216797547420361,0.007857315054685454,7.857315054685454,2016,2016-05-29,2016-07-08
29,424,110,414,3.7636363636363632,1,0.00909090909090909,2.4154589371980677,0.00228051655270034,2.28051655270034,2016,2016-06-05,2016-07-15
30,588,133,588,3.0821705426356565,4,0.03007518796992481,9.75779488963859,0.007605114618465358,7.605114618465358,2016,2016-06-12,2016-07-22
31,321,82,321,3.580246913580247,2,0.024390243902439025,6.812447434819176,0.006154138384835028,6.154138384835028,2016,2016-06-19,2016-07-29
32,351,109,347,3.1834862385321094,1,0.009174311926605505,2.881844380403459,0.002301511228569697,2.301511228569697,2016,2016-06-26,2016-08-05
33,584,188,584,3.1063829787234045,1,0.005319148936170213,1.7123287671232874,0.0013324479956706714,1.3324479956706714,2016,2016-07-03,2016-08-12
34,904,226,904,3.7955555555555565,5,0.022123893805309734,5.828894737932891,0.005577462317940873,5.577462317940873,2016,2016-07-10,2016-08-19
35,1445,309,1445,4.5196078431372575,5,0.016181229773462782,3.5802287134342796,0.003257398227448527,3.257398227448527,2016,2016-07-17,2016-08-26
36,806,214,806,3.766355140186915,5,0.02336448598130841,6.2034739454094305,0.00589300847033547,5.89300847033547,2016,2016-07-24,2016-09-02
37,1086,288,1086,3.7708333333333335,3,0.010416666666666666,2.762430939226519,0.0026144014510852687,2.6144014510852687,2016,2016-07-31,2016-09-09
38,674,237,674,2.843881856540084,3,0.012658227848101266,4.451038575667656,0.004237338963661075,4.237338963661075,2016,2016-08-07,2016-09-16
39,706,197,706,3.3469387755102047,2,0.01015228426395939,3.033304444719573,0.0025477913997206114,2.5477913997206114,2016,2016-08-14,2016-09-23
40,1002,272,1002,3.683823529411763,1,0.003676470588235294,0.9980039920159685,9.203875373942072e-4,0.9203875373942072,2016,2016-08-21,2016-09-30
41,1237,271,1237,4.481412639405204,4,0.014760147601476014,3.2936372499353364,0.002969614442144053,2.969614442144053,2016,2016-08-28,2016-10-07
42,1208,281,1208,4.298932384341637,2,0.0071174377224199285,1.6556291390728475,0.001427557571377136,1.427557571377136,2016,2016-09-04,2016-10-14
43,1376,313,1376,4.104838709677419,4,0.012779552715654952,3.113289856073112,0.0025690769871821173,2.5690769871821173,2016,2016-09-11,2016-10-21
44,781,197,781,3.648717948717948,1,0.005076142131979695,1.3912125309009706,0.0012714583878484786,1.2714583878484786,2016,2016-09-18,2016-10-28
45,1097,272,1097,3.8129629629629624,0,0,0,0,0,2016,2016-09-25,2016-11-04
46,680,187,680,3.6363636363636367,1,0.0053475935828877,1.4705882352941175,0.0013395877355951713,1.3395877355951713,2016,2016-10-02,2016-11-11
47,644,177,644,3.4943181818181825,1,0.005649717514124294,1.6168297276193098,0.0014154317141985562,1.4154317141985562,2016,2016-10-09,2016-11-18
48,68,40,68,1.7,0,0,0,0,0,2016,2016-10-16,2016-11-25
49,185,91,185,2.032967032967033,0,0,0,0,0,2016,2016-10-23,2016-12-02
50,441,157,441,2.6830065359477127,0,0,0,0,0,2016,2016-10-30,2016-12-09
51,290,116,290,2.5,0,0,0,0,0,2016,2016-11-06,2016-12-16
52,17,6,17,2.833333333333333,0,0,0,0,0,2016,2016-11-13,2016-12-23
2,127,65,127,1.9538461538461538,0,0,0,0,0,2017,2016-11-20,2017-01-01
3,89,57,89,1.5614035087719298,0,0,0,0,0,2017,2016-11-27,2017-01-08
4,21,16,21,1.3125,0,0,0,0,0,2017,2016-12-04,2017-01-15
5,218,113,216,1.9115044247787611,0,0,0,0,0,2017,2016-12-11,2017-01-22
6,331,153,331,2.163398692810458,0,0,0,0,0,2017,2016-12-18,2017-01-29
7,451,183,451,2.4644808743169393,0,0,0,0,0,2017,2016-12-25,2017-02-05
8,461,173,461,2.6647398843930654,0,0,0,0,0,2017,2017-01-01,2017-02-12
9,246,125,246,1.968,0,0,0,0,0,2017,2017-01-08,2017-02-19
10,724,245,724,2.963114754098361,0,0,0,0,0,2017,2017-01-15,2017-02-26
11,1245,291,1242,4.268041237113402,0,0,0,0,0,2017,2017-01-22,2017-03-05
12,1096,264,1096,4.151515151515149,0,0,0,0,0,2017,2017-01-29,2017-03-12
13,1103,271,1106,3.912962962962961,0,0,0,0,0,2017,2017-02-05,2017-03-19
14,1825,319,1825,5.498422712933754,0,0,0,0,0,2017,2017-02-12,2017-03-26
15,1603,320,1603,5.009374999999999,0,0,0,0,0,2017,2017-02-19,2017-04-02
16,2325,338,2275,5.81570996978852,0,0,0,0,0,2017,2017-02-26,2017-04-09
17,1120,248,1121,4.339430894308943,1,0.004032258064516129,0.9292135680290097,8.077554971444023e-4,0.8077554971444023,2017,2017-03-05,2017-04-16
18,2058,322,2042,5.687301587301586,2,0.006211180124223602,1.0921137254426097,0.001037885981820641,1.037885981820641,2017,2017-03-12,2017-04-23
19,825,193,791,3.890625,2,0.010362694300518135,2.663503755956468,0.0026008022528308805,2.6008022528308805,2017,2017-03-19,2017-04-30
20,738,193,733,3.5549738219895293,1,0.0051813471502590676,1.4574923500728743,0.0012978612679057644,1.2978612679057644,2017,2017-03-26,2017-05-07
21,895,227,895,3.9427312775330385,2,0.00881057268722467,2.2346368715083806,0.0022099582577715937,2.2099582577715937,2017,2017-04-02,2017-05-14
22,680,201,675,3.195,11,0.05472636815920398,17.128753727450384,0.013971686204294564,13.971686204294564,2017,2017-04-09,2017-05-21
23,643,199,643,3.2311557788944727,5,0.02512562814070352,7.776049766718507,0.0063414738576306195,6.3414738576306195,2017,2017-04-16,2017-05-28
24,532,147,532,3.034482758620689,3,0.02040816326530612,6.725417439703155,0.00514155850654463,5.14155850654463,2017,2017-04-23,2017-06-04
25,721,183,716,3.541436464088397,10,0.0546448087431694,15.430125401737385,0.01395041794691787,13.95041794691787,2017,2017-04-30,2017-06-11
26,664,154,664,4.013071895424836,7,0.045454545454545456,11.326621261474685,0.009260854810929642,9.260854810929642,2017,2017-05-07,2017-06-18
27,357,94,357,3.5483870967741935,6,0.06382978723404255,17.988394584139265,0.01635428446325582,16.35428446325582,2017,2017-05-14,2017-06-25
28,262,106,261,2.4761904761904763,0,0,0,0,0,2017,2017-05-21,2017-07-02
29,319,101,319,3.1584158415841586,0,0,0,0,0,2017,2017-05-28,2017-07-09
30,883,207,883,3.573019801980199,4,0.01932367149758454,5.408218417058644,0.004866324445019221,4.866324445019221,2017,2017-06-04,2017-07-16
31,1154,274,1154,3.935661764705881,5,0.01824817518248175,4.636621811896345,0.004593598700252777,4.593598700252777,2017,2017-06-11,2017-07-23
32,1622,314,1622,4.759677419354839,9,0.028662420382165606,6.021924987103584,0.005799360270473786,5.799360270473786,2017,2017-06-18,2017-07-30
33,2567,371,2567,6.0722836095764245,28,0.07547169811320754,12.428882273249439,0.011147630280683662,11.147630280683662,2017,2017-06-25,2017-08-06
34,2931,362,2931,7.877094972067039,23,0.06353591160220995,8.06590650836566,0.008171939724970323,8.171939724970322,2017,2017-07-02,2017-08-13
35,2471,327,2471,7.069659442724459,31,0.09480122324159021,13.409588398087863,0.012372907844992342,12.372907844992342,2017,2017-07-09,2017-08-20
36,1116,293,1116,3.722602739726027,6,0.020477815699658702,5.500940371941437,0.005159243464048169,5.159243464048169,2017,2017-07-16,2017-08-27
37,973,273,973,3.5641025641025648,12,0.04395604395604396,12.332990750256934,0.011174938236765297,11.174938236765296,2017,2017-07-23,2017-09-03
38,842,249,842,3.38152610441767,2,0.008032128514056224,2.375296912114014,0.0020141089142013957,2.0141089142013957,2017,2017-07-30,2017-09-10
39,901,226,901,3.650297619047618,1,0.004424778761061947,1.2121693140781202,0.0011080349424122948,1.1080349424122948,2017,2017-08-06,2017-09-17
40,507,206,507,2.461165048543689,1,0.0048543689320388345,1.9723865877712032,0.0016207483835279923,1.6207483835279923,2017,2017-08-13,2017-09-24
41,682,182,682,3.5441988950276246,0,0,0,0,0,2017,2017-08-20,2017-10-01
42,1032,245,1032,4.024590163934426,1,0.004081632653061225,1.0141734901699988,8.176625819221739e-4,0.8176625819221739,2017,2017-08-27,2017-10-08
43,917,239,917,3.7394957983193287,0,0,0,0,0,2017,2017-09-03,2017-10-15
44,548,172,548,3.1860465116279064,0,0,0,0,0,2017,2017-09-10,2017-10-22
45,504,153,504,3.2941176470588234,0,0,0,0,0,2017,2017-09-17,2017-10-29
46,965,226,965,4.066666666666669,1,0.004424778761061947,1.088060351080806,8.865262168032961e-4,0.8865262168032961,2017,2017-09-24,2017-11-05
47,479,136,479,3.522058823529411,0,0,0,0,0,2017,2017-10-01,2017-11-12
48,843,172,843,4.000992063492068,0,0,0,0,0,2017,2017-10-08,2017-11-19
49,279,126,279,2.214285714285714,0,0,0,0,0,2017,2017-10-15,2017-11-26
50,282,116,280,2.413793103448276,0,0,0,0,0,2017,2017-10-22,2017-12-03
51,161,74,161,2.175675675675676,0,0,0,0,0,2017,2017-10-29,2017-12-10
